date,open,high,low,close,volume,daily_return,rolling_volatility_ann,var_95_threshold
2025-01-30,525.0,526.4500122070312,491.0,494.3999938964844,273707,-0.04923078096829925,0.5682607013255183,-0.0397451458363702
2025-01-31,497.95001220703125,503.79998779296875,486.3999938964844,488.1499938964844,247813,-0.012641585916581932,0.5669749447154377,-0.0397451458363702
2025-02-01,491.8999938964844,504.04998779296875,487.25,494.1499938964844,146479,0.012291304056171626,0.573608802969596,-0.0397451458363702
2025-02-03,489.0,498.0,477.0,481.04998779296875,158856,-0.026510181656017262,0.5732956261682192,-0.0397451458363702
2025-02-04,485.8999938964844,488.0,473.5,475.25,124507,-0.012056933666246938,0.573305251083825,-0.0397451458363702
2025-02-05,478.0,488.1000061035156,468.0,469.25,328525,-0.012624934245134112,0.5677352195478077,-0.0397451458363702
2025-02-06,471.95001220703125,473.6000061035156,455.1499938964844,457.6499938964844,329783,-0.024720311355387548,0.5666473625159199,-0.0397451458363702
2025-02-07,457.6499938964844,460.04998779296875,440.0,451.25,534662,-0.013984472810747994,0.5666333234648889,-0.0397451458363702
2025-02-10,451.20001220703125,455.0,436.0,439.8500061035156,319450,-0.025263144368940393,0.5586199105115558,-0.0397451458363702
2025-02-11,441.6000061035156,442.95001220703125,413.8500061035156,421.95001220703125,619204,-0.04069567727201928,0.5663273153044661,-0.0397451458363702
2025-02-12,430.0,442.79998779296875,421.0,438.70001220703125,506953,0.03969664537367423,0.5924893557015969,-0.0397451458363702
2025-02-13,452.70001220703125,452.70001220703125,429.1000061035156,430.70001220703125,771583,-0.01823569586823859,0.581673395426852,-0.0397451458363702
2025-02-14,437.20001220703125,439.6499938964844,416.79998779296875,434.29998779296875,172884,0.008358429263770395,0.586214798368724,-0.0397451458363702
2025-02-17,434.0,434.29998779296875,416.6000061035156,421.1499938964844,1043357,-0.030278596053640694,0.5852055125224616,-0.0397451458363702
2025-02-18,421.1499938964844,428.04998779296875,402.5,404.95001220703125,404406,-0.03846606179325973,0.589207811126676,-0.0397451458363702
2025-02-19,405.3500061035156,414.1000061035156,403.25,412.8500061035156,284358,0.019508565645987685,0.4159677214651698,-0.0397451458363702
2025-02-20,413.95001220703125,429.0,410.6499938964844,423.8500061035156,220397,0.026644059191903935,0.4349643734879315,-0.0397451458363702
2025-02-21,436.6499938964844,444.8999938964844,426.1000061035156,430.6000061035156,316605,0.0159254450933084,0.437937249461119,-0.0397451458363702
2025-02-24,430.79998779296875,431.0,415.1000061035156,418.25,196278,-0.028680924125548457,0.437813315846938,-0.0397451458363702
2025-02-25,418.3500061035156,424.0,409.0,412.0,174058,-0.014943215780035879,0.4193029215115742,-0.0397451458363702
2025-02-27,413.1499938964844,415.25,399.70001220703125,408.3999938964844,231570,-0.008737878892028261,0.3733429522042155,-0.0397451458363702
2025-02-28,407.8500061035156,407.8500061035156,391.20001220703125,402.8500061035156,300353,-0.013589588334752767,0.3470549617856846,-0.0397451458363702
2025-03-03,402.79998779296875,405.0,381.0,392.79998779296875,341867,-0.02494729591232636,0.35106387414979934,-0.0397451458363702
2025-03-04,385.04998779296875,402.8999938964844,385.04998779296875,401.0,243055,0.020875795473173975,0.35911826026157107,-0.0397451458363702
2025-03-05,405.0,412.1499938964844,400.04998779296875,407.3999938964844,170995,0.015960084529886176,0.36410143845594306,-0.0397451458363702
2025-03-06,411.79998779296875,420.5,408.25,414.70001220703125,214955,0.01791855282256516,0.3741779155288289,-0.0397451458363702
2025-03-07,416.95001220703125,433.3500061035156,413.1499938964844,428.8999938964844,261324,0.03424157528687033,0.39847607416698283,-0.0397451458363702
2025-03-10,429.0,433.95001220703125,408.54998779296875,412.0,175091,-0.039403110601496594,0.411153472072286,-0.0397451458363702
2025-03-11,403.29998779296875,414.20001220703125,400.6000061035156,407.20001220703125,191792,-0.011650455808176585,0.4105664038782205,-0.0397451458363702
2025-03-12,409.8999938964844,419.79998779296875,405.95001220703125,408.54998779296875,182931,0.003315264109695404,0.4042964965657701,-0.0397451458363702
2025-03-13,413.79998779296875,414.0,400.0,400.8500061035156,164798,-0.018847098077396263,0.3854076250886689,-0.0397451458363702
2025-03-17,403.75,403.75,389.0,392.3999938964844,290747,-0.021080234697187783,0.35883155190315635,-0.0397451458363702
2025-03-18,392.3999938964844,392.3999938964844,392.3999938964844,392.3999938964844,0,0.0,0.35593902072909367,-0.0397451458363702
2025-03-19,404.79998779296875,414.25,404.5,412.8999938964844,182777,0.052242610394657385,0.4045658780791406,-0.0397451458363702
2025-03-20,414.8500061035156,423.0,408.6499938964844,410.3999938964844,208377,-0.006054734892117164,0.3918042771570968,-0.0397451458363702
2025-03-21,410.3500061035156,422.3999938964844,409.1000061035156,417.6499938964844,202073,0.017665692270523392,0.37180698542592183,-0.0397451458363702
2025-03-24,423.5,441.0,418.0,426.3999938964844,520695,0.0209505569923909,0.3727081565296095,-0.0397451458363702
2025-03-25,430.5,432.8999938964844,401.5,403.3500061035156,430979,-0.05405719541019627,0.40809253322120276,-0.0397451458363702
2025-03-26,405.95001220703125,409.20001220703125,383.45001220703125,387.5,565112,-0.03929591140119604,0.4220524275407995,-0.0397451458363702
2025-03-27,387.0,465.0,381.95001220703125,445.95001220703125,1899424,0.1508387411794354,0.6754578420637506,-0.0397451458363702
2025-03-28,446.0,483.70001220703125,433.0,457.6499938964844,1672783,0.026236083348331496,0.6760641708739957,-0.0397451458363702
2025-04-01,457.70001220703125,483.0,455.5,461.45001220703125,419635,0.008303328659950537,0.6740092670248817,-0.0397451458363702
2025-04-02,461.45001220703125,462.54998779296875,448.54998779296875,451.8999938964844,196694,-0.020695672462702652,0.677140004989417,-0.0397451458363702
2025-04-03,447.0,461.6000061035156,447.0,455.04998779296875,253039,0.006970555297697079,0.6675343804305658,-0.0397451458363702
2025-04-04,452.70001220703125,452.79998779296875,427.04998779296875,431.95001220703125,236789,-0.050763600056280334,0.6954403097385563,-0.0397451458363702
2025-04-07,386.1000061035156,417.79998779296875,378.6000061035156,414.29998779296875,265302,-0.0408612661541099,0.7112350443069678,-0.0397451458363702
2025-04-08,429.0,438.0,417.0,430.29998779296875,140414,0.03861935909106373,0.7207297314103257,-0.0397451458363702
2025-04-09,427.0,434.20001220703125,418.79998779296875,426.3500061035156,99658,-0.009179599817589534,0.7124335595013541,-0.0397451458363702
2025-04-11,447.0,449.8999938964844,435.6000061035156,445.29998779296875,188024,0.044447006961815694,0.7122769515223848,-0.0397451458363702
2025-04-15,455.0,461.0,450.45001220703125,456.20001220703125,157958,0.02447793557795963,0.712870792405198,-0.0397451458363702
2025-04-16,456.20001220703125,463.45001220703125,455.29998779296875,461.54998779296875,147362,0.011727258752263214,0.7130159810756916,-0.0397451458363702
2025-04-17,461.0,473.1499938964844,455.29998779296875,465.29998779296875,230810,0.008124797094961833,0.7069136347628818,-0.0397451458363702
2025-04-21,469.8500061035156,475.20001220703125,461.29998779296875,472.0,188546,0.014399338884170332,0.6991466695150539,-0.0397451458363702
2025-04-22,474.0,492.0,466.75,480.95001220703125,524747,0.018961890269133974,0.6989110573043411,-0.0397451458363702
2025-04-23,540.0,540.0,490.3500061035156,494.1000061035156,3957107,0.02734170612896003,0.6854196766890848,-0.0397451458363702
2025-04-24,494.79998779296875,498.25,480.45001220703125,482.5,472431,-0.023477041004296928,0.6929961506689882,-0.0397451458363702
2025-04-25,482.95001220703125,484.0,454.3999938964844,461.70001220703125,522659,-0.04310878299060883,0.7146269076116016,-0.0397451458363702
2025-04-28,458.70001220703125,470.6000061035156,456.3999938964844,462.1499938964844,297812,0.0009746191846564667,0.7126073681446938,-0.0397451458363702
2025-04-29,465.0,469.6000061035156,459.0,467.45001220703125,234886,0.011468177822228975,0.6798595685618718,-0.0397451458363702
2025-04-30,465.0,465.0,444.0,447.25,305511,-0.043213202865603484,0.6834107961071406,-0.0397451458363702
2025-05-02,449.1000061035156,453.0,438.04998779296875,438.3500061035156,197643,-0.01989937148459331,0.4483049632787614,-0.0397451458363702
2025-05-05,445.6000061035156,447.0,437.8500061035156,442.8500061035156,168755,0.010265769219442777,0.4396633970457022,-0.0397451458363702
2025-05-06,442.8500061035156,446.3500061035156,423.29998779296875,425.1000061035156,205092,-0.040081291081321524,0.4580548595212839,-0.0397451458363702
2025-05-07,416.0,432.75,415.0,428.20001220703125,368719,0.007292416040946215,0.455067241313055,-0.0397451458363702
2025-05-08,433.0,444.75,425.6000061035156,427.6499938964844,181616,-0.0012844892453691692,0.45387555700761567,-0.0397451458363702
2025-05-09,417.04998779296875,430.0,415.5,426.1000061035156,222706,-0.0036244307613481075,0.4188165624152776,-0.0397451458363702
2025-05-12,454.95001220703125,455.0,443.45001220703125,450.8999938964844,391258,0.05820227044761861,0.4381235763053513,-0.0397451458363702
2025-05-13,450.1499938964844,467.8999938964844,446.25,465.3500061035156,656979,0.032047044583346285,0.43220758079838933,-0.0397451458363702
2025-05-14,469.0,469.3500061035156,458.1499938964844,464.04998779296875,260737,-0.0027936355291627857,0.4302993680895449,-0.0397451458363702
2025-05-15,464.20001220703125,472.3500061035156,458.45001220703125,464.6499938964844,318063,0.0012929773069692008,0.40490311973149334,-0.0397451458363702
2025-05-16,462.1499938964844,492.0,462.1499938964844,484.75,801278,0.04325838021638617,0.4226785943661391,-0.0397451458363702
2025-05-19,492.0,496.6000061035156,487.0,490.5,332132,0.01186178442496133,0.42271291704851,-0.0397451458363702
2025-05-20,494.0,495.3999938964844,473.54998779296875,478.3999938964844,190904,-0.024668717846107246,0.4330741083289395,-0.0397451458363702
2025-05-21,484.5,484.5,475.5,479.79998779296875,176818,0.0029264086838332037,0.4306442195310928,-0.0397451458363702
2025-05-22,482.0,486.0,473.0,478.3500061035156,191147,-0.003022054452570755,0.42588204198642693,-0.0397451458363702
2025-05-23,481.20001220703125,482.20001220703125,473.75,477.45001220703125,168260,-0.001881454761159973,0.4141859728843153,-0.0397451458363702
2025-05-26,479.0,481.5,470.20001220703125,471.95001220703125,227379,-0.01151953054640431,0.4081489624759519,-0.0397451458363702
2025-05-27,473.8999938964844,489.0,470.8999938964844,486.3500061035156,285457,0.030511693026861186,0.3911755012920662,-0.0397451458363702
2025-05-28,489.0,490.0,478.79998779296875,482.5,218822,-0.007916122247762836,0.3928975198033232,-0.0397451458363702
2025-05-29,483.6499938964844,485.0,478.5,480.5,115733,-0.004145077720207224,0.39205073088907266,-0.0397451458363702
2025-05-30,480.5,490.6499938964844,479.0,483.8999938964844,210762,0.007075949836595985,0.3567352285947962,-0.0397451458363702
2025-06-02,484.8999938964844,492.3500061035156,479.0,487.54998779296875,213131,0.00754286824245165,0.3460820797836034,-0.0397451458363702
2025-06-03,490.0,491.0,482.79998779296875,484.5,125245,-0.006255743758245891,0.34782420815461584,-0.0397451458363702
2025-06-04,489.0,489.0,475.1000061035156,479.6000061035156,142834,-0.010113506494291769,0.3131768716917496,-0.0397451458363702
2025-06-05,480.0,487.95001220703125,479.8500061035156,483.20001220703125,107951,0.007506267843413239,0.3131893643524246,-0.0397451458363702
2025-06-06,483.0,501.5,481.79998779296875,484.8500061035156,396827,0.0034147223816241024,0.31224281084073147,-0.0397451458363702
2025-06-09,482.3999938964844,489.5,473.29998779296875,477.1000061035156,388537,-0.01598432484776613,0.3199708908966715,-0.0397451458363702
2025-06-10,482.79998779296875,487.0,466.29998779296875,468.95001220703125,618463,-0.01708235965672167,0.26566071634308713,-0.0397451458363702
2025-06-11,469.1000061035156,490.45001220703125,469.1000061035156,484.1499938964844,354544,0.03241279729990221,0.26618440935073157,-0.0397451458363702
2025-06-12,485.0,486.0,467.0,468.1499938964844,210654,-0.03304760962864117,0.29241706444199167,-0.0397451458363702
2025-06-13,460.0,468.0,450.95001220703125,458.1000061035156,308310,-0.02146745257715621,0.30218355802045715,-0.0397451458363702
2025-06-16,455.79998779296875,464.8500061035156,448.6499938964844,461.54998779296875,208698,0.007531066674278941,0.2592899826416569,-0.0397451458363702
2025-06-17,459.25,467.3999938964844,456.04998779296875,457.5,157162,-0.008774754414651587,0.2550019865166634,-0.0397451458363702
2025-06-18,457.5,463.0,453.8999938964844,458.25,114211,0.0016393442622950616,0.2430858697899723,-0.0397451458363702
2025-06-19,456.0,463.20001220703125,444.6499938964844,446.5,156876,-0.02564102564102566,0.2557024036589804,-0.0397451458363702
2025-06-20,444.29998779296875,456.70001220703125,443.25,454.29998779296875,95782,0.01746917758783595,0.26563861469595784,-0.0397451458363702
2025-06-23,446.29998779296875,463.0,446.29998779296875,461.3999938964844,166573,0.015628453212178428,0.27283080971431933,-0.0397451458363702
2025-06-24,465.0,471.1499938964844,462.1000061035156,464.04998779296875,141176,0.0057433765312941976,0.2713818286893355,-0.0397451458363702
2025-06-25,464.04998779296875,476.3999938964844,464.04998779296875,473.70001220703125,127611,0.020795226091822938,0.25912814225517156,-0.0397451458363702
2025-06-26,473.70001220703125,477.20001220703125,468.0,470.1000061035156,76570,-0.007599759364038672,0.25902600365094813,-0.0397451458363702
2025-06-27,475.6000061035156,479.0,463.70001220703125,466.0,241490,-0.00872156147688452,0.260183773417322,-0.0397451458363702
2025-06-30,467.3999938964844,477.0,467.3999938964844,474.70001220703125,150158,0.018669554092341833,0.26788876848989374,-0.0397451458363702
2025-07-01,476.25,478.79998779296875,469.54998779296875,475.3999938964844,94756,0.0014745769358603944,0.2663341271154121,-0.0397451458363702
2025-07-02,473.25,477.29998779296875,469.1499938964844,475.45001220703125,130249,0.00010521310725497557,0.26568335783060304,-0.0397451458363702
2025-07-03,480.0,483.45001220703125,473.20001220703125,480.1000061035156,163786,0.009780195135339564,0.2657999595273727,-0.0397451458363702
2025-07-04,481.1000061035156,489.29998779296875,476.75,484.70001220703125,192144,0.009581349812613382,0.2666162385172995,-0.0397451458363702
2025-07-07,482.25,494.1000061035156,480.6000061035156,491.8999938964844,307070,0.014854511054515518,0.2712152202112116,-0.0397451458363702
2025-07-08,491.95001220703125,505.5,486.8999938964844,493.20001220703125,501770,0.00264285083691318,0.26425378182433024,-0.0397451458363702
2025-07-09,493.95001220703125,500.0,482.6499938964844,485.54998779296875,258726,-0.015510998022545186,0.2628980577449025,-0.0397451458363702
2025-07-10,495.0,499.70001220703125,481.95001220703125,486.8999938964844,323168,0.0027803648181559115,0.23829450447294812,-0.0397451458363702
2025-07-11,484.45001220703125,491.0,480.5,482.70001220703125,125348,-0.008625963734035347,0.20825578868230557,-0.0397451458363702
2025-07-14,483.0,485.1000061035156,470.95001220703125,474.29998779296875,164609,-0.017402163251779013,0.2030066999395585,-0.0397451458363702
2025-07-15,475.8999938964844,488.20001220703125,473.1000061035156,484.25,167969,0.020978310063491712,0.21294608312336877,-0.0397451458363702
2025-07-16,484.1000061035156,487.54998779296875,481.54998779296875,483.8500061035156,74387,-0.0008260070139067821,0.20945385813315295,-0.0397451458363702
2025-07-17,487.1499938964844,487.95001220703125,483.3999938964844,485.5,74091,0.0034101351155741977,0.20942503931379416,-0.0397451458363702
2025-07-18,487.95001220703125,492.29998779296875,475.1000061035156,478.54998779296875,178240,-0.01431516417514156,0.19305456991326286,-0.0397451458363702
2025-07-21,479.0,480.95001220703125,471.79998779296875,474.5,150415,-0.008463040217902673,0.1900803425578798,-0.0397451458363702
2025-07-22,476.95001220703125,483.70001220703125,472.5,480.8999938964844,229306,0.013487869117986051,0.18830299877103981,-0.0397451458363702
2025-07-23,461.95001220703125,476.29998779296875,441.0,470.25,1036468,-0.02214596388366108,0.20539958678468712,-0.0397451458363702
2025-07-24,470.1000061035156,473.0,466.45001220703125,468.25,181321,-0.004253056884635842,0.1924605039971467,-0.0397451458363702
2025-07-25,468.25,468.25,455.1000061035156,459.3999938964844,118511,-0.018900173205586013,0.2014961054971446,-0.0397451458363702
2025-07-28,459.25,459.25,438.3500061035156,444.0,229381,-0.03352197235761045,0.229772219488405,-0.0397451458363702
2025-07-29,446.0,452.70001220703125,446.0,450.20001220703125,85804,0.013963991457277558,0.22491391164348304,-0.0397451458363702
2025-07-30,452.20001220703125,457.1499938964844,447.75,449.8999938964844,47947,-0.000666411155957336,0.2245683218151703,-0.0397451458363702
2025-07-31,440.54998779296875,453.95001220703125,436.6499938964844,450.20001220703125,78374,0.0006668555559392608,0.2246596473277513,-0.0397451458363702
2025-08-01,450.5,460.0,442.1499938964844,445.70001220703125,206126,-0.009995557258960286,0.22146211308835348,-0.0397451458363702
2025-08-04,446.0,447.04998779296875,438.04998779296875,441.1499938964844,79754,-0.010208701337062864,0.21737265793745358,-0.0397451458363702
2025-08-05,441.8500061035156,443.3999938964844,426.0,430.8999938964844,258008,-0.023234727738441596,0.21493003179988537,-0.0397451458363702
2025-08-06,432.0,435.0,427.54998779296875,433.04998779296875,68133,0.004989542647802603,0.21629555761711441,-0.0397451458363702
2025-08-07,433.04998779296875,435.1499938964844,426.0,433.20001220703125,121841,0.00034643671236911366,0.21455702730179205,-0.0397451458363702
2025-08-08,434.04998779296875,439.20001220703125,421.20001220703125,425.45001220703125,222907,-0.017890119532813387,0.21664983941957117,-0.0397451458363702
2025-08-11,427.6000061035156,434.79998779296875,414.75,422.45001220703125,111616,-0.007051357183978979,0.21650678761178918,-0.0397451458363702
2025-08-12,423.5,431.1499938964844,423.5,429.79998779296875,82891,0.017398450404909616,0.22719787395957933,-0.0397451458363702
2025-08-13,430.79998779296875,433.95001220703125,422.1000061035156,423.8500061035156,85689,-0.013843605999168118,0.20914066080477584,-0.0397451458363702
2025-08-14,424.5,427.3999938964844,417.8500061035156,419.3500061035156,59687,-0.01061696339553897,0.20869646928674204,-0.0397451458363702
2025-08-18,428.0,430.1000061035156,422.20001220703125,427.54998779296875,76798,0.019554027829032483,0.2253831559427828,-0.0397451458363702
2025-08-19,427.1000061035156,443.70001220703125,427.1000061035156,442.6000061035156,111746,0.03520060516955148,0.26413329562696,-0.0397451458363702
2025-08-20,438.20001220703125,447.25,438.04998779296875,442.54998779296875,64168,-0.00011301018946474617,0.26377190837704667,-0.0397451458363702
2025-08-21,442.1499938964844,448.79998779296875,440.20001220703125,442.20001220703125,48642,-0.0007908159430369821,0.25695094255577133,-0.0397451458363702
2025-08-22,440.25,446.70001220703125,438.3999938964844,445.45001220703125,54153,0.007349615355682904,0.2507464215725908,-0.0397451458363702
2025-08-25,453.8500061035156,453.8500061035156,438.5,440.79998779296875,58749,-0.01043893655098005,0.25221573698476374,-0.0397451458363702
2025-08-26,438.95001220703125,449.70001220703125,426.29998779296875,428.29998779296875,85811,-0.028357532545737918,0.2617909005162407,-0.0397451458363702
2025-08-28,429.0,429.70001220703125,416.1499938964844,418.54998779296875,212577,-0.02276441811320562,0.2484028131993108,-0.0397451458363702
2025-08-29,416.1499938964844,430.8500061035156,416.1499938964844,422.95001220703125,49037,0.010512542210941112,0.24576075576181367,-0.0397451458363702
2025-09-01,424.75,429.3999938964844,421.5,425.75,112511,0.006620138815832899,0.2478655638956467,-0.0397451458363702
2025-09-02,429.04998779296875,443.79998779296875,425.75,434.54998779296875,198979,0.020669378257119897,0.260458953609252,-0.0397451458363702
2025-09-03,435.75,446.29998779296875,434.8999938964844,439.8500061035156,124229,0.012196567620367693,0.26273314907952683,-0.0397451458363702
2025-09-04,443.8999938964844,443.8999938964844,428.1000061035156,430.1499938964844,137357,-0.02205300005099564,0.27131229146748453,-0.0397451458363702
2025-09-05,430.20001220703125,436.0,425.79998779296875,434.04998779296875,71819,0.009066590612164305,0.2609271927041062,-0.0397451458363702
2025-09-08,434.04998779296875,481.0,434.04998779296875,466.3500061035156,893531,0.07441543421020258,0.3658142024581436,-0.0397451458363702
2025-09-09,474.8500061035156,485.8999938964844,462.5,464.8999938964844,402581,-0.0031092788421865913,0.3664184321451954,-0.0397451458363702
2025-09-10,465.04998779296875,465.04998779296875,456.1000061035156,460.45001220703125,186479,-0.009571911696871216,0.36136478499030306,-0.0397451458363702
2025-09-11,460.45001220703125,469.20001220703125,455.0,456.1499938964844,120304,-0.00933872993060858,0.36233280391282885,-0.0397451458363702
2025-09-12,459.0,459.79998779296875,452.95001220703125,456.25,190330,0.0002192395151896509,0.35914429251692265,-0.0397451458363702
2025-09-15,459.8999938964844,468.8999938964844,458.45001220703125,462.8500061035156,115921,0.01446576680222611,0.35570234125634725,-0.0397451458363702
2025-09-16,462.8500061035156,472.3999938964844,460.95001220703125,467.5,118535,0.010046438014833736,0.351867210367554,-0.0397451458363702
2025-09-17,467.5,485.5,466.79998779296875,478.0,400249,0.022459893048128343,0.3534784436915817,-0.0397451458363702
2025-09-18,479.8999938964844,488.0,476.5,479.04998779296875,181664,0.0021966271819429117,0.33669433491094397,-0.0397451458363702
2025-09-19,479.0,483.20001220703125,478.0,479.0,112506,-0.00010434775961287723,0.33669300785648304,-0.0397451458363702
2025-09-22,475.04998779296875,485.3500061035156,475.04998779296875,478.54998779296875,131093,-0.0009394826869127959,0.33671997215374355,-0.0397451458363702
2025-09-23,478.5,482.79998779296875,455.54998779296875,463.20001220703125,158213,-0.03207601290876694,0.3587244588292679,-0.0397451458363702
2025-09-24,465.0,465.04998779296875,455.0,455.8999938964844,197292,-0.015759970030579495,0.36153069058678117,-0.0397451458363702
2025-09-25,456.95001220703125,457.8500061035156,446.1000061035156,447.8999938964844,76568,-0.017547708065590473,0.35196396756006726,-0.0397451458363702
2025-09-26,449.70001220703125,452.79998779296875,431.1499938964844,434.0,118011,-0.031033699678274296,0.36046527604835504,-0.0397451458363702
2025-09-29,434.0,436.3500061035156,413.04998779296875,416.04998779296875,257268,-0.04135947513140836,0.388657795349088,-0.0397451458363702
2025-09-30,425.0,431.6000061035156,417.0,421.6499938964844,131742,0.01345993574767812,0.3909524671148668,-0.0397451458363702
2025-10-01,419.0,434.79998779296875,419.0,431.3999938964844,84325,0.02312344394909127,0.39268974435460047,-0.0397451458363702
2025-10-03,431.45001220703125,438.0,426.54998779296875,436.6499938964844,77061,0.012169680283444118,0.39267918196934776,-0.0397451458363702
2025-10-06,439.0,439.0,426.0,428.75,104970,-0.01809227987383688,0.39011551267439665,-0.0397451458363702
2025-10-07,428.75,467.45001220703125,427.95001220703125,448.1000061035156,2383695,0.045131209570882014,0.41943002507565735,-0.0397451458363702
2025-10-08,446.04998779296875,455.20001220703125,443.1499938964844,451.95001220703125,155642,0.008591845684166932,0.3279309777506704,-0.0397451458363702
2025-10-09,451.0,460.70001220703125,444.5,457.20001220703125,230874,0.011616328926206787,0.33085550693952537,-0.0397451458363702
2025-10-10,464.5,478.0,454.6000061035156,471.3500061035156,427369,0.030949242166854685,0.34640284501925844,-0.0397451458363702
2025-10-13,473.5,493.0,460.04998779296875,488.20001220703125,515792,0.03574839479224523,0.3636673459177035,-0.0397451458363702
2025-10-14,491.95001220703125,496.0,463.79998779296875,468.1499938964844,447787,-0.041069270399862745,0.3951110293606619,-0.0397451458363702
2025-10-15,472.0,482.79998779296875,425.0,440.25,1649726,-0.05959627098201681,0.44472291687316257,-0.0397451458363702
2025-10-16,440.20001220703125,445.95001220703125,438.1000061035156,441.8500061035156,464127,0.003634312557673214,0.44308539680270376,-0.0397451458363702
2025-10-17,446.0,447.3500061035156,437.75,443.70001220703125,531026,0.004186955025371697,0.4346559007919184,-0.0397451458363702
2025-10-20,445.45001220703125,467.54998779296875,443.1000061035156,462.70001220703125,418491,0.04282172521359895,0.462854630999355,-0.0397451458363702
2025-10-21,463.8999938964844,467.8500061035156,460.1000061035156,464.04998779296875,74012,0.0029176043879883817,0.4630668004673485,-0.0397451458363702
2025-10-23,463.20001220703125,466.3500061035156,451.6000061035156,453.95001220703125,177186,-0.02176484398582401,0.4685620379096621,-0.0397451458363702
2025-10-24,454.79998779296875,457.79998779296875,448.5,450.8500061035156,116190,-0.006828959180866456,0.4562052798828402,-0.0397451458363702
2025-10-27,450.8500061035156,456.75,449.0,450.0,123898,-0.0018853412265906755,0.4530280033391116,-0.0397451458363702
2025-10-28,451.5,458.75,445.20001220703125,456.70001220703125,206075,0.01488891601562492,0.4513361622842975,-0.0397451458363702
2025-10-29,457.04998779296875,459.25,452.04998779296875,456.54998779296875,62149,-0.00032849662809841806,0.435875854106332,-0.0397451458363702
2025-10-30,457.29998779296875,465.0,454.1000061035156,461.20001220703125,95203,0.010185137527965793,0.40563546797428385,-0.0397451458363702
2025-10-31,461.20001220703125,463.0,450.5,451.8500061035156,79030,-0.02027321304431895,0.41376364766134643,-0.0397451458363702
2025-11-03,451.8999938964844,463.3999938964844,451.8999938964844,459.45001220703125,108287,0.016819754345149818,0.41058472541912433,-0.0397451458363702
2025-11-04,455.0,462.70001220703125,451.95001220703125,454.29998779296875,111141,-0.011209107143829722,0.41222294212461746,-0.0397451458363702
2025-11-06,453.70001220703125,458.0,442.0,444.8999938964844,84256,-0.020691160354527893,0.4139306001081881,-0.0397451458363702
2025-11-07,441.0,447.0,436.79998779296875,443.70001220703125,112529,-0.002697194214240306,0.38328852402547586,-0.0397451458363702
2025-11-10,446.95001220703125,448.8999938964844,440.3500061035156,443.5,76865,-0.00045078251415042736,0.38195580218873787,-0.0397451458363702
2025-11-11,441.8999938964844,442.1499938964844,435.3999938964844,436.25,136665,-0.01634723788049608,0.38295017688767324,-0.0397451458363702
2025-11-12,439.54998779296875,452.79998779296875,434.3500061035156,447.3999938964844,234650,0.025558725264147597,0.3775317278829799,-0.0397451458363702
2025-11-13,445.0,447.04998779296875,436.29998779296875,437.25,175691,-0.02268662055197257,0.3572282075870528,-0.0397451458363702
2025-11-14,436.75,441.6000061035156,426.25,428.8500061035156,219740,-0.019210963742674392,0.336856889895697,-0.0397451458363702
2025-11-17,434.8999938964844,449.45001220703125,429.25,447.6000061035156,263695,0.04372158035010987,0.3109456562172606,-0.0397451458363702
2025-11-18,453.0,461.8999938964844,440.6499938964844,454.8500061035156,415866,0.01619749754499189,0.31531705331007776,-0.0397451458363702
2025-11-19,454.0,454.0,441.0,446.20001220703125,145223,-0.019017244762915997,0.3230395140677932,-0.0397451458363702
2025-11-20,441.29998779296875,451.1000061035156,441.29998779296875,444.6000061035156,96671,-0.003585849528783158,0.28400881711136255,-0.0397451458363702
2025-11-21,444.45001220703125,444.45001220703125,436.5,438.3500061035156,59547,-0.014057579654069619,0.28657193676442333,-0.0397451458363702
2025-11-24,436.1499938964844,436.70001220703125,406.75,420.04998779296875,770272,-0.04174750326392229,0.3107866317917292,-0.0397451458363702
2025-11-25,420.8500061035156,436.20001220703125,420.8500061035156,432.8500061035156,185253,0.03047260726705625,0.3319073849313383,-0.0397451458363702
2025-11-26,432.0,435.45001220703125,425.45001220703125,431.95001220703125,186535,-0.0020792281016374092,0.33190920293316006,-0.0397451458363702
2025-11-27,433.95001220703125,438.54998779296875,428.8500061035156,433.5,122600,0.0035883499228281934,0.32704845634406154,-0.0397451458363702
2025-11-28,433.5,439.0,424.1000061035156,429.1499938964844,150562,-0.010034616155745413,0.3280462687912718,-0.0397451458363702
2025-12-01,430.20001220703125,435.20001220703125,428.45001220703125,430.1000061035156,70598,0.0022137066772518477,0.32523903847553914,-0.0397451458363702
2025-12-02,429.0,435.6000061035156,425.3999938964844,433.1499938964844,93197,0.007091345616569766,0.3208387470736033,-0.0397451458363702
2025-12-03,432.6499938964844,438.04998779296875,430.5,434.1000061035156,113951,0.0021932638125772286,0.3140629437848663,-0.0397451458363702
2025-12-04,434.1499938964844,440.3999938964844,429.04998779296875,430.0,107409,-0.009444842307921864,0.31350641219154685,-0.0397451458363702
2025-12-05,429.0,435.0,424.0,426.95001220703125,96439,-0.00709299486736914,0.3069972407892744,-0.0397451458363702
2025-12-08,426.95001220703125,430.6499938964844,415.5,417.6499938964844,139503,-0.021782452382358097,0.3147357289887793,-0.0397451458363702
2025-12-09,417.0,429.5,414.0,420.6499938964844,139056,0.007183048111676804,0.31652606018051443,-0.0397451458363702
2025-12-10,420.6499938964844,430.1000061035156,413.20001220703125,417.75,97489,-0.006894078066236764,0.31292362933181095,-0.0397451458363702
2025-12-11,417.75,426.6000061035156,416.1000061035156,425.70001220703125,61885,0.019030549867220303,0.3064623560180251,-0.0397451458363702
2025-12-12,425.70001220703125,430.04998779296875,423.0,428.3500061035156,72882,0.006225026592659777,0.2983535093377408,-0.0397451458363702
2025-12-15,428.5,432.5,424.6499938964844,427.25,74489,-0.0025680076755965064,0.29089803930298597,-0.0397451458363702
2025-12-16,425.1000061035156,425.6499938964844,419.1499938964844,419.79998779296875,72099,-0.017437126289131077,0.24918710103160374,-0.0397451458363702
2025-12-17,421.8999938964844,423.54998779296875,418.3999938964844,420.5,48188,0.0016674898222637236,0.24004943636329568,-0.0397451458363702
2025-12-18,420.5,423.6000061035156,416.0,422.6000061035156,52480,0.004994069211689878,0.23500473222920823,-0.0397451458363702
2025-12-19,422.75,425.0,419.29998779296875,421.25,54392,-0.0031945245717410753,0.23498542391556154,-0.0397451458363702
2025-12-22,424.0,432.5,422.0,424.8500061035156,97852,0.008546008554339846,0.23397324565451683,-0.0397451458363702
2025-12-23,427.20001220703125,428.70001220703125,424.0,424.6499938964844,50469,-0.0004707831097041648,0.18221949271836146,-0.0397451458363702
2025-12-24,424.6499938964844,442.3999938964844,424.04998779296875,425.8500061035156,224225,0.0028258853744944634,0.14680199693419682,-0.0397451458363702
2025-12-26,426.29998779296875,427.95001220703125,420.0,421.45001220703125,55389,-0.010332262142588311,0.15049151579746628,-0.0397451458363702
2025-12-29,423.0,425.0,411.75,414.0,100202,-0.017677095720124325,0.15983353582546742,-0.0397451458363702
2025-12-30,412.6000061035156,418.6000061035156,410.95001220703125,411.79998779296875,95899,-0.005314039147418459,0.15771853885040063,-0.0397451458363702
2025-12-31,412.0,418.1499938964844,412.0,415.75,66828,0.009592064895876273,0.16216131183917754,-0.0397451458363702
2026-01-01,415.54998779296875,417.8999938964844,412.79998779296875,414.6000061035156,58809,-0.0027660707071182067,0.1590977203775121,-0.0397451458363702
2026-01-02,414.75,417.70001220703125,413.8999938964844,415.8500061035156,54963,0.0030149541283119863,0.15939799811611463,-0.0397451458363702
2026-01-05,416.75,424.0,413.0,416.04998779296875,101621,0.0004808986089166467,0.15724677672071097,-0.0397451458363702
2026-01-06,416.20001220703125,417.3500061035156,410.0,411.45001220703125,73169,-0.011056305061656446,0.15959765904987086,-0.0397451458363702
2026-01-07,410.70001220703125,416.45001220703125,407.1499938964844,408.04998779296875,116305,-0.008263517591905467,0.14431456962055997,-0.0397451458363702
2026-01-08,408.54998779296875,416.5,402.0,413.1000061035156,323129,0.012375979565300455,0.14909712492939928,-0.0397451458363702
2026-01-09,418.0,418.0,405.1000061035156,406.1000061035156,112081,-0.016945049374426646,0.15805276328981438,-0.0397451458363702
2026-01-12,405.0,411.79998779296875,401.3999938964844,406.75,225071,0.0016005759337975878,0.14034605985682072,-0.0397451458363702
2026-01-13,407.95001220703125,414.45001220703125,398.5,399.8500061035156,183217,-0.016963721933581755,0.14583587808773216,-0.0397451458363702
2026-01-14,398.1000061035156,402.5,393.3999938964844,397.29998779296875,96304,-0.006377437218011983,0.14621360323409227,-0.0397451458363702
2026-01-15,397.29998779296875,397.29998779296875,397.29998779296875,397.29998779296875,0,0.0,0.1373506597427846,-0.0397451458363702
2026-01-16,395.3500061035156,399.5,389.29998779296875,392.54998779296875,190457,-0.01195570134896451,0.14011696131695628,-0.0397451458363702
2026-01-19,390.0,390.75,382.0,384.3500061035156,220699,-0.0208890127230823,0.14935209795244098,-0.0397451458363702
2026-01-20,384.0,385.6000061035156,361.25,366.29998779296875,169926,-0.04696245095332596,0.20950449750921682,-0.0397451458363702
2026-01-21,352.54998779296875,367.04998779296875,345.79998779296875,362.6499938964844,471891,-0.009964493633964677,0.20239152980016448,-0.0397451458363702
2026-01-22,364.5,370.70001220703125,358.3500061035156,366.95001220703125,151844,0.011857213243947395,0.21201022149565615,-0.0397451458363702
2026-01-23,368.0,369.0,355.25,359.75,199758,-0.019621234412083965,0.21336586433677018,-0.0397451458363702
2026-01-27,355.0,359.3500061035156,347.1499938964844,350.04998779296875,96006,-0.026963202799252906,0.2232892473389054,-0.0397451458363702
2026-01-28,351.3500061035156,356.79998779296875,348.5,352.75,107755,0.0077132189721089706,0.22771300285892,-0.0397451458363702
2026-01-29,353.0,368.8999938964844,351.20001220703125,365.25,189819,0.03543586109142449,0.2720663344351779,-0.0397451458363702
2026-01-30,362.95001220703125,382.0,360.70001220703125,374.54998779296875,191426,0.025461978899298465,0.288270755777403,-0.0397451458363702
2026-02-02,367.0,367.0,357.0,361.0,115344,-0.03617671401569622,0.30786899650217575,-0.0397451458363702
2026-02-03,397.20001220703125,397.20001220703125,375.1000061035156,385.45001220703125,274313,0.06772856567044672,0.40046923772945453,-0.0397451458363702
2026-02-04,383.45001220703125,387.95001220703125,369.0,370.20001220703125,154795,-0.03956414455062718,0.4192786309452595,-0.0397451458363702
2026-02-05,373.0,380.0,356.70001220703125,357.8500061035156,290011,-0.03336036114609575,0.4301709051917026,-0.0397451458363702
2026-02-06,360.04998779296875,360.04998779296875,344.54998779296875,345.79998779296875,500799,-0.03367337740679299,0.4405297441833398,-0.0397451458363702
2026-02-09,347.45001220703125,365.0,347.45001220703125,360.70001220703125,316379,0.04308856257965865,0.4698503068918769,-0.0397451458363702
2026-02-10,360.6499938964844,375.95001220703125,357.04998779296875,365.79998779296875,321499,0.014139105664932039,0.4730753929736498,-0.0397451458363702
2026-02-11,365.79998779296875,366.20001220703125,356.6000061035156,360.1499938964844,231208,-0.015445582517848777,0.4739696574930168,-0.0397451458363702
2026-02-12,358.75,367.20001220703125,353.8500061035156,364.45001220703125,203585,0.011939520709204343,0.4756237718456582,-0.0397451458363702
2026-02-13,364.3999938964844,366.79998779296875,358.70001220703125,363.3500061035156,111824,-0.0030182633191702113,0.4755528089341199,-0.0397451458363702
2026-02-16,358.04998779296875,363.0,354.6000061035156,355.8999938964844,88670,-0.020503679873088543,0.4787705712179557,-0.0397451458363702
2026-02-17,355.0,367.70001220703125,354.8999938964844,364.1499938964844,122630,0.023180669124708064,0.4875421418706855,-0.0397451458363702
2026-02-18,364.1499938964844,368.3999938964844,352.8500061035156,358.25,135056,-0.01620209802382022,0.4856569584396573,-0.0397451458363702
2026-02-19,359.5,362.04998779296875,346.20001220703125,348.3999938964844,183693,-0.02749478326173238,0.46775466822588113,-0.0397451458363702
2026-02-20,348.0,348.70001220703125,334.75,336.6000061035156,274345,-0.033869081514607435,0.4800680457145097,-0.0397451458363702
2026-02-23,337.0,341.04998779296875,320.1000061035156,326.6000061035156,224766,-0.02970885269955903,0.4853026538592994,-0.0397451458363702
2026-02-24,322.1499938964844,325.3500061035156,316.04998779296875,319.0,177662,-0.023270073366461586,0.4868413369008881,-0.0397451458363702
2026-02-25,321.1499938964844,325.0,308.79998779296875,312.20001220703125,191361,-0.021316576153507016,0.48405530580041883,-0.0397451458363702
2026-02-26,311.0,322.54998779296875,311.0,312.54998779296875,169628,0.0011209979892807809,0.4824103241806604,-0.0397451458363702
2026-02-27,312.3999938964844,317.0,307.79998779296875,312.6000061035156,278138,0.00016003299472222565,0.45981662836597786,-0.0397451458363702
2026-03-02,300.0,311.1499938964844,300.0,303.20001220703125,224999,-0.030070357367080858,0.45058187244129366,-0.0397451458363702
2026-03-04,298.0,309.54998779296875,297.95001220703125,299.45001220703125,195253,-0.012368073380681244,0.44034222336557,-0.0397451458363702
2026-03-05,303.0,306.3999938964844,294.1000061035156,299.6000061035156,171059,0.0005008979474701025,0.34495463652737274,-0.0397451458363702
2026-03-06,298.0,304.95001220703125,295.0,295.70001220703125,186985,-0.01301733583789344,0.32986525376764697,-0.0397451458363702
2026-03-09,291.6499938964844,292.70001220703125,282.6000061035156,288.04998779296875,205137,-0.025870896510840957,0.3242805367810675,-0.0397451458363702
2026-03-10,293.0,306.3500061035156,290.20001220703125,301.20001220703125,261274,0.04565188325407554,0.36538552470845903,-0.0397451458363702
2026-03-11,303.0,326.95001220703125,299.0,312.45001220703125,516158,0.037350596095817146,0.3560333375656533,-0.0397451458363702
2026-03-12,314.0,315.79998779296875,303.6000061035156,309.6499938964844,152024,-0.008961492082424916,0.34799993873663365,-0.0397451458363702
2026-03-13,307.20001220703125,312.3999938964844,300.6000061035156,305.29998779296875,159385,-0.014048138831773471,0.34764034422786627,-0.0397451458363702
2026-03-16,305.0,309.3999938964844,296.20001220703125,300.6000061035156,186112,-0.015394634383805839,0.3411061407072619,-0.0397451458363702
2026-03-17,309.0,348.0,286.1499938964844,296.54998779296875,31534417,-0.013473114531981079,0.3407525545762103,-0.0397451458363702
2026-03-18,298.0,328.6000061035156,295.0,313.70001220703125,18115782,0.057831816287362336,0.40969454549359596,-0.0397451458363702
2026-03-19,310.25,315.70001220703125,295.79998779296875,298.6000061035156,2149687,-0.048135178565278935,0.4207312382795425,-0.0397451458363702
2026-03-20,303.1000061035156,310.0,300.3500061035156,303.79998779296875,996356,0.017414539796259954,0.4295793896122427,-0.0397451458363702
2026-03-23,300.04998779296875,301.70001220703125,276.1499938964844,280.1499938964844,765989,-0.07784725097685385,0.4902714390867957,-0.0397451458363702
2026-03-24,290.1000061035156,290.1000061035156,276.5,284.1000061035156,775945,0.014099633386002397,0.4888461738835079,-0.0397451458363702
2026-03-25,290.8500061035156,300.1499938964844,287.45001220703125,294.6000061035156,844648,0.03695881652383415,0.50511604004426,-0.0397451458363702
2026-03-27,290.0,298.70001220703125,271.5,278.8999938964844,2187659,-0.05329264046761295,0.52936258525988,-0.0397451458363702
2026-03-30,276.0,281.0,265.20001220703125,272.29998779296875,862655,-0.02366441824292498,0.5302889674221166,-0.0397451458363702
2026-04-01,286.20001220703125,287.5,278.25,284.6000061035156,377163,0.04517083680480605,0.5588790263051048,-0.0397451458363702
2026-04-02,280.6000061035156,281.1499938964844,269.0,280.1000061035156,327752,-0.01581166515633614,0.5601695829758138,-0.0397451458363702
2026-04-06,280.1000061035156,293.6499938964844,272.5,290.1000061035156,635348,0.03570153438805823,0.5687838485831479,-0.0397451458363702
2026-04-07,289.0,289.0,282.1000061035156,284.1000061035156,298403,-0.020682522832691785,0.5715108934026069,-0.0397451458363702
2026-04-08,299.0,309.6499938964844,291.1000061035156,306.54998779296875,811456,0.07902140516418421,0.6366514857716701,-0.0397451458363702
2026-04-09,307.70001220703125,322.1499938964844,303.0,310.25,707566,0.012069849467846394,0.6351959237162492,-0.0397451458363702
2026-04-10,315.0,320.20001220703125,310.54998779296875,314.5,294086,0.013698630136986356,0.627233966731577,-0.0397451458363702
2026-04-13,307.0,319.95001220703125,301.20001220703125,317.20001220703125,485786,0.008585094457969067,0.6098179269302885,-0.0397451458363702
2026-04-15,325.0,333.3999938964844,321.3500061035156,325.5,483233,0.02616641700363953,0.6031133570485636,-0.0397451458363702
2026-04-16,329.79998779296875,340.0,321.8999938964844,336.1000061035156,563428,0.03256530292938753,0.6101642094004863,-0.0397451458363702
2026-04-17,338.8999938964844,343.95001220703125,333.70001220703125,341.25,334102,0.015322802151030768,0.6073203671358315,-0.0397451458363702
2026-04-20,345.0,349.95001220703125,334.1000061035156,345.79998779296875,488341,0.013333297561813229,0.6026960422412423,-0.0397451458363702
2026-04-21,349.0,370.0,346.0,357.79998779296875,831912,0.03470214119031256,0.6047922650694482,-0.0397451458363702
2026-04-22,345.0,384.6000061035156,340.0,375.25,4208427,0.048770298497405884,0.5964585147505076,-0.0397451458363702
2026-04-23,375.0,384.8999938964844,364.3500061035156,381.54998779296875,944612,0.016788774931295825,0.558985935516724,-0.0397451458363702
2026-04-24,385.0,386.79998779296875,367.6499938964844,373.0,377861,-0.022408565237873934,0.5713142866467356,-0.0397451458363702
2026-04-27,383.5,403.0,383.5,400.1000061035156,1219610,0.07265417185929124,0.5131913446470233,-0.0397451458363702
2026-04-28,403.0,406.0,390.0,392.54998779296875,449950,-0.018870327906452267,0.5285108648852229,-0.0397451458363702
2026-04-29,397.3999938964844,400.70001220703125,390.0,394.95001220703125,309580,0.006113933228112378,0.5239068218158448,-0.0397451458363702
2026-04-30,393.8500061035156,395.5,382.04998779296875,393.1000061035156,233854,-0.004684152541678754,0.46872871689183776,-0.0397451458363702
2026-05-01,393.1000061035156,393.1000061035156,393.1000061035156,393.1000061035156,0,0.0,0.4497182319195059,-0.0397451458363702
2026-05-04,394.79998779296875,402.5,392.1499938964844,400.70001220703125,239204,0.019333518151903428,0.4388311462790004,-0.0397451458363702
2026-05-05,400.6000061035156,415.0,396.20001220703125,411.54998779296875,372833,0.02707755242176435,0.42358207114036717,-0.0397451458363702
2026-05-06,419.0,419.0,412.0,415.8999938964844,296573,0.010569812252561483,0.41989378434129226,-0.0397451458363702
2026-05-07,419.0,428.0,414.79998779296875,424.79998779296875,265384,0.021399360488328245,0.39615345249376516,-0.0397451458363702
2026-05-08,424.79998779296875,439.3999938964844,424.0,432.8999938964844,286356,0.01906781152607584,0.33217302813232785,-0.0397451458363702
2026-05-11,423.04998779296875,430.0,416.04998779296875,424.3999938964844,267140,-0.019635019911856455,0.35518982518305425,-0.0397451458363702
2026-05-12,420.0,426.6499938964844,413.3500061035156,417.25,377184,-0.01684729971562704,0.3722387193335787,-0.0397451458363702
2026-05-13,415.0,425.75,411.0,420.45001220703125,196356,0.007669292287672214,0.3724141570983353,-0.0397451458363702
2026-05-14,425.0,425.0,392.25,413.20001220703125,530608,-0.017243429158066204,0.38436997674025114,-0.0397451458363702
2026-05-15,414.95001220703125,419.5,403.54998779296875,416.25,227646,0.007381383598412228,0.3769728949724503,-0.0397451458363702
2026-05-18,408.8999938964844,419.0,402.79998779296875,416.75,246750,0.001201201201201263,0.37786936483229433,-0.0397451458363702
2026-05-19,423.0,427.1499938964844,415.04998779296875,421.0,142038,0.010197960407918316,0.3776588567095094,-0.0397451458363702
2026-05-20,420.1499938964844,422.75,410.54998779296875,412.8500061035156,90996,-0.0193586553360674,0.3789536721863631,-0.0397451458363702
2026-05-21,417.0,421.5,412.0,413.6000061035156,71438,0.0018166403994479552,0.3475059322909274,-0.0397451458363702
2026-05-22,411.75,424.95001220703125,411.0,418.29998779296875,148528,0.011363591924795191,0.345664279187875,-0.0397451458363702
2026-05-25,424.0,441.8500061035156,418.0,437.8500061035156,392830,0.04673683691385344,0.36024836386120196,-0.0397451458363702
2026-05-26,440.04998779296875,445.95001220703125,429.79998779296875,432.25,221892,-0.012789781946906498,0.2792195595920792,-0.0397451458363702
2026-05-27,436.0,439.0,427.79998779296875,429.04998779296875,94698,-0.007403151433270638,0.27014953511721884,-0.0397451458363702
2026-05-28,429.04998779296875,429.04998779296875,429.04998779296875,429.04998779296875,0,0.0,0.2704849201723496,-0.0397451458363702
2026-05-29,428.04998779296875,434.79998779296875,419.0,420.6000061035156,137745,-0.01969463216377143,0.2813967925304656,-0.0397451458363702
2026-06-01,425.1000061035156,437.6499938964844,419.1000061035156,433.0,149962,0.029481677880510038,0.2951404792521603,-0.0397451458363702
2026-06-02,433.0,471.54998779296875,426.54998779296875,463.8999938964844,727905,0.07136257250920175,0.37239389472443235,-0.0397451458363702
2026-06-03,462.0,462.3999938964844,445.5,449.45001220703125,245534,-0.031148915454992543,0.38765346984235755,-0.0397451458363702
2026-06-04,450.0,467.79998779296875,448.0,457.79998779296875,222999,0.01857820749616801,0.39022220053289625,-0.0397451458363702
2026-06-05,464.6000061035156,465.29998779296875,450.0,453.3999938964844,117332,-0.009611170847112827,0.38844701033336054,-0.0397451458363702
2026-06-08,448.04998779296875,453.0,431.1499938964844,435.20001220703125,193054,-0.0401411158677879,0.41177970043149675,-0.0397451458363702
2026-06-09,439.8500061035156,447.3500061035156,436.75,443.6499938964844,199510,0.019416317675637673,0.4098554548121041,-0.0397451458363702
2026-06-10,446.0,452.3500061035156,431.79998779296875,436.54998779296875,206316,-0.016003620424194676,0.4093656670820889,-0.0397451458363702
2026-06-11,439.6000061035156,440.0,426.5,431.8500061035156,158263,-0.010766193610987074,0.4113902006465846,-0.0397451458363702
2026-06-12,435.8500061035156,454.8999938964844,435.8500061035156,449.70001220703125,243804,0.04133381000633096,0.427337708284376,-0.0397451458363702
2026-06-15,456.0,490.1499938964844,453.0,468.54998779296875,644174,0.04191677801702931,0.4467024053766078,-0.0397451458363702
2026-06-16,470.1000061035156,474.8999938964844,460.1000061035156,468.70001220703125,121982,0.00032018870551930867,0.4468326421236023,-0.0397451458363702
2026-06-17,469.0,482.3999938964844,462.20001220703125,464.8999938964844,336655,-0.008107570325533442,0.44914961617373356,-0.0397451458363702
2026-06-18,468.3500061035156,473.3500061035156,461.1499938964844,469.1000061035156,150103,0.009034227279354212,0.4403432608919102,-0.0397451458363702
2026-06-19,467.54998779296875,475.0,463.04998779296875,473.6499938964844,195204,0.009699398281322269,0.4401421715588452,-0.0397451458363702
2026-06-22,474.25,499.29998779296875,471.25,482.79998779296875,452118,0.01931804922282776,0.4420314167643174,-0.0397451458363702
2026-06-23,487.8999938964844,487.8999938964844,467.1000061035156,469.70001220703125,196677,-0.027133338685076613,0.43278618720915585,-0.0397451458363702
2026-06-24,469.0,469.45001220703125,454.1000061035156,467.0,246502,-0.0057483758502462345,0.43008508509883264,-0.0397451458363702
2026-06-25,465.0,467.70001220703125,456.1000061035156,465.0,151593,-0.004282655246252709,0.42917443241152253,-0.0397451458363702
2026-06-26,465.0,465.0,465.0,465.0,0,0.0,0.42917443241152253,-0.0397451458363702
2026-06-29,464.0,472.0,450.75,461.25,394956,-0.008064516129032251,0.4228664660267193,-0.0397451458363702
2026-06-30,459.1000061035156,472.0,454.6499938964844,460.29998779296875,155061,-0.0020596470613143403,0.4136246321073787,-0.0397451458363702
2026-07-01,465.0,469.0,455.20001220703125,464.25,140133,0.008581386729925145,0.3325623140618942,-0.0397451458363702
2026-07-02,462.1499938964844,483.45001220703125,459.8999938964844,471.8500061035156,195085,0.016370503184740093,0.3163885894318659,-0.0397451458363702
2026-07-03,480.1000061035156,523.9500122070312,476.6000061035156,509.3999938964844,2531049,0.07958034821924098,0.4116577858271599,-0.0397451458363702
2026-07-06,510.0,518.0,496.0,502.0,361199,-0.01452688257783552,0.4142621360647522,-0.0397451458363702
2026-07-07,505.25,546.7999877929688,505.25,536.7999877929688,2368760,0.06932268484655135,0.43633575773646366,-0.0397451458363702
2026-07-08,530.0,552.0,513.0,521.0999755859375,1261030,-0.029247415357778195,0.4557830929270725,-0.0397451458363702
2026-07-09,525.9500122070312,548.0,525.9500122070312,538.2999877929688,339633,0.03300712533653671,0.454781585926951,-0.0397451458363702
2026-07-10,545.8499755859375,569.5499877929688,526.4000244140625,545.6500244140625,573927,0.013654164569516292,0.44827745360727816,-0.0397451458363702
2026-07-13,540.5499877929688,554.2999877929688,512.1500244140625,525.6500244140625,702854,-0.0366535308442012,0.4641579115861602,-0.0397451458363702
2026-07-14,528.2000122070312,538.0,521.5499877929688,532.6500244140625,297321,0.013316845191442495,0.4480066778950011,-0.0397451458363702
2026-07-15,535.0,542.8499755859375,529.5,538.5,195358,0.010982775401864986,0.44767767127025737,-0.0397451458363702
2026-07-16,543.2000122070312,591.0,543.2000122070312,586.9000244140625,3075266,0.08987933967328221,0.5275629968836797,-0.0397451458363702
2026-07-17,593.0,602.2000122070312,559.4000244140625,578.6500244140625,944732,-0.014056908599103357,0.5350268915673916,-0.0397451458363702
2026-07-20,572.0,602.9500122070312,570.2000122070312,596.0499877929688,684761,0.030069925939302244,0.5392468009664442,-0.0397451458363702
2026-07-21,594.5499877929688,628.4500122070312,586.75,623.0,894767,0.045214349062937975,0.551281525598923,-0.0397451458363702
2026-07-22,623.0,734.9500122070312,621.0999755859375,698.1500244140625,12932202,0.1206260423981742,0.6460010742289279,-0.0397451458363702
2026-07-23,695.1500244140625,701.25,661.7999877929688,665.0999755859375,1065308,-0.047339465261586056,0.6818068729631659,-0.0397451458363702
2026-07-24,655.1500244140625,680.8499755859375,654.0499877929688,670.4500122070312,740669,0.008043958528761719,0.6780972713840724,-0.0397451458363702
2026-07-27,680.0,681.5499877929688,652.5499877929688,665.0499877929688,315550,-0.008054328161299251,0.6814190463979468,-0.0397451458363702
2026-07-28,665.0499877929688,692.4500122070312,657.0,681.9500122070312,531063,0.02541166036277498,0.6751042673675038,-0.0397451458363702
2026-07-29,685.0,690.0999755859375,670.5999755859375,681.75,263311,-0.00029329452811932555,0.6744167757324697,-0.0397451458363702
2026-07-30,680.0,700.7999877929688,668.1500244140625,678.0999755859375,385599,-0.005353904531078091,0.6790257556647981,-0.0397451458363702
2026-07-31,677.0,695.5,662.5499877929688,670.0499877929688,445438,-0.01187138782303132,0.6874234228459027,-0.0397451458363702
