date,open,high,low,close,volume,split_ratio,dividend,daily_return,rolling_volatility_ann,var_95_threshold
2025-01-30,705.0750122070312,782.5,705.0,753.625,3704556,0.0,0.0,0.07706872495667927,0.6407604260802261,-0.040855186304021324
2025-01-31,764.5999755859375,824.0,764.1500244140625,801.5499877929688,622876,2.0,0.0,0.06359261939687344,0.6729222148758125,-0.040855186304021324
2025-02-01,810.0,818.9000244140625,770.5,781.3499755859375,171472,0.0,0.0,-0.025201188340918113,0.6789942843765121,-0.040855186304021324
2025-02-03,765.7000122070312,783.8499755859375,726.0499877929688,732.0999755859375,291963,0.0,0.0,-0.06303193388221096,0.6997893784843937,-0.040855186304021324
2025-02-04,749.0,759.9500122070312,724.8499755859375,733.75,259067,0.0,0.0,0.0022538238889324713,0.698457164690511,-0.040855186304021324
2025-02-05,738.0,745.5999755859375,729.4000244140625,733.0,138123,0.0,0.0,-0.0010221465076660774,0.697843406868044,-0.040855186304021324
2025-02-06,733.0,739.5,719.1500244140625,723.75,161865,0.0,0.0,-0.01261937244201905,0.6971578128852965,-0.040855186304021324
2025-02-07,723.0,728.0,701.0,712.2999877929688,233879,0.0,0.0,-0.015820396831822126,0.6962267128025545,-0.040855186304021324
2025-02-10,715.6500244140625,721.4500122070312,679.0999755859375,683.2999877929688,282599,0.0,0.0,-0.04071318334548235,0.6953225178456456,-0.040855186304021324
2025-02-11,683.0,684.9000244140625,653.0,656.7999877929688,203016,0.0,0.0,-0.03878238032111481,0.5506178068641242,-0.040855186304021324
2025-02-12,653.2000122070312,654.9500122070312,595.25,624.75,1104114,0.0,0.0,-0.048797180859679434,0.5684134152729908,-0.040855186304021324
2025-02-13,625.0,652.9000244140625,625.0,630.2999877929688,558968,0.0,0.0,0.008883533882303007,0.5648762480528231,-0.040855186304021324
2025-02-14,635.0,639.4500122070312,589.9500122070312,594.7999877929688,343773,0.0,0.0,-0.056322387256114825,0.5880242015945581,-0.040855186304021324
2025-02-17,593.0,601.7999877929688,565.7000122070312,587.5,428776,0.0,0.0,-0.012273012681213502,0.5807780573883715,-0.040855186304021324
2025-02-18,585.0,606.9000244140625,557.0,566.8499755859375,460374,0.0,0.0,-0.035148977726063846,0.5848749889000029,-0.040855186304021324
2025-02-19,563.75,674.0,559.1500244140625,647.5999755859375,879879,0.0,0.0,0.14245391810510522,0.7966523275879374,-0.040855186304021324
2025-02-20,659.1500244140625,676.2000122070312,602.0,609.7000122070312,5209221,0.0,0.0,-0.05852372576854259,0.8168294665902964,-0.040855186304021324
2025-02-21,609.7000122070312,617.5,591.4000244140625,605.0,1498224,0.0,0.0,-0.007708729068280351,0.8154336044463264,-0.040855186304021324
2025-02-24,597.0499877929688,609.4000244140625,586.2000122070312,597.7000122070312,417029,0.0,0.0,-0.012066095525568143,0.7883241433141223,-0.040855186304021324
2025-02-25,595.0,606.3499755859375,580.0,583.6500244140625,454712,0.0,0.0,-0.023506755071141083,0.790459047115849,-0.040855186304021324
2025-02-27,583.6500244140625,588.8499755859375,543.3499755859375,546.3499755859375,961252,0.0,0.0,-0.06390824512612892,0.8048983152912764,-0.040855186304021324
2025-02-28,543.3499755859375,547.2999877929688,514.0,516.5,678153,0.0,0.0,-0.05463526479327585,0.7518428413991026,-0.040855186304021324
2025-03-03,513.9500122070312,529.4000244140625,491.45001220703125,517.9000244140625,814222,0.0,0.0,0.0027105990591722584,0.6974234654714133,-0.040855186304021324
2025-03-04,512.0,532.9500122070312,501.1000061035156,523.9000244140625,461731,0.0,0.0,0.01158524757126278,0.7053667009152326,-0.040855186304021324
2025-03-05,521.0,548.7999877929688,519.9500122070312,540.1500244140625,709100,0.0,0.0,0.031017368281618607,0.7048717310848356,-0.040855186304021324
2025-03-06,537.2000122070312,556.9500122070312,537.2000122070312,540.2000122070312,390149,0.0,0.0,9.254427605176474e-05,0.7043036520938797,-0.040855186304021324
2025-03-07,537.2000122070312,568.8499755859375,537.2000122070312,549.0999755859375,769666,0.0,0.0,0.016475311325049313,0.710811644063499,-0.040855186304021324
2025-03-10,554.2999877929688,556.7000122070312,521.2000122070312,526.3499755859375,348732,0.0,0.0,-0.041431435096539126,0.7177220259975138,-0.040855186304021324
2025-03-11,521.0,522.6500244140625,505.29998779296875,510.45001220703125,473280,0.0,0.0,-0.030207968303230692,0.7198799761805373,-0.040855186304021324
2025-03-12,510.1499938964844,524.7999877929688,501.95001220703125,508.8500061035156,345372,0.0,0.0,-0.0031345010583850863,0.7145866197824443,-0.040855186304021324
2025-03-13,507.0,515.8499755859375,494.1499938964844,496.8500061035156,491727,0.0,0.0,-0.023582587906187058,0.7096020395301544,-0.040855186304021324
2025-03-17,495.0,509.0,489.79998779296875,493.1499938964844,467609,0.0,0.0,-0.007446940045443773,0.6971432205398937,-0.040855186304021324
2025-03-18,493.1499938964844,493.1499938964844,493.1499938964844,493.1499938964844,0,0.0,0.0,0.0,0.6947352895327272,-0.040855186304021324
2025-03-19,527.6500244140625,544.0,524.75,540.2999877929688,502962,0.0,0.0,0.09560984382042093,0.7649450763263398,-0.040855186304021324
2025-03-20,541.0,552.9500122070312,533.0,545.4000244140625,535661,0.0,0.0,0.009439268436644888,0.7655071977984255,-0.040855186304021324
2025-03-21,542.4500122070312,573.0,538.0499877929688,568.0,802615,0.0,0.0,0.04143743046256221,0.7702737465015459,-0.040855186304021324
2025-03-24,574.7000122070312,672.9000244140625,574.7000122070312,662.0499877929688,13389877,0.0,0.0,0.16558096442424075,0.8258799557693984,-0.040855186304021324
2025-03-25,661.9000244140625,661.9000244140625,633.2000122070312,641.0999755859375,1869087,0.0,0.0,-0.031644154660996016,0.8059554633492942,-0.040855186304021324
2025-03-26,639.0,645.0,615.0,617.75,749946,0.0,0.0,-0.036421738379566526,0.817072973458213,-0.040855186304021324
2025-03-27,614.0,622.7999877929688,600.0,605.3499755859375,855782,0.0,0.0,-0.020072884522966405,0.8193007722232261,-0.040855186304021324
2025-03-28,608.0,624.9500122070312,575.0,591.7999877929688,523427,0.0,0.0,-0.0223837256784446,0.8188726943462332,-0.040855186304021324
2025-04-01,582.5,615.9500122070312,581.3499755859375,605.9500122070312,549959,0.0,0.0,0.02391014651222445,0.7858426320126086,-0.040855186304021324
2025-04-02,609.0,618.6500244140625,588.0499877929688,611.9000244140625,312261,0.0,0.0,0.009819311968259026,0.7542179924715431,-0.040855186304021324
2025-04-03,604.0,626.0,598.0,619.9000244140625,283336,0.0,0.0,0.013074031182888968,0.7539640624209106,-0.040855186304021324
2025-04-04,619.0,624.3499755859375,593.7999877929688,606.5999755859375,314449,0.0,0.0,-0.021455151321693178,0.761520486038811,-0.040855186304021324
2025-04-07,505.1499938964844,594.0,505.1499938964844,587.6500244140625,528104,0.0,0.0,-0.03123961743251069,0.7683512728216662,-0.040855186304021324
2025-04-08,600.0,614.4000244140625,589.0,599.3499755859375,267100,0.0,0.0,0.019909726343567913,0.7697998788602707,-0.040855186304021324
2025-04-09,595.0,599.9000244140625,583.2999877929688,587.0,152113,0.0,0.0,-0.020605616232592494,0.7741535531809319,-0.040855186304021324
2025-04-11,612.0499877929688,623.7000122070312,598.7999877929688,618.1500244140625,497195,0.0,0.0,0.05306648111424628,0.7731102558485018,-0.040855186304021324
2025-04-15,633.0,634.9500122070312,603.7999877929688,625.0499877929688,268180,0.0,0.0,0.011162279554136845,0.7600180429639911,-0.040855186304021324
2025-04-16,633.0,707.5999755859375,633.0,694.75,22076001,0.0,0.0,0.11151110082113558,0.833869046393541,-0.040855186304021324
2025-04-17,694.75,704.75,682.5499877929688,700.6500244140625,2374531,0.0,0.0,0.008492298544890309,0.82191719935982,-0.040855186304021324
2025-04-21,701.0,716.2999877929688,694.0,706.9500122070312,865689,0.0,0.0,0.008991632874397304,0.8175405692030833,-0.040855186304021324
2025-04-22,708.0499877929688,716.25,698.5499877929688,702.0,787142,0.0,0.0,-0.0070019267579863875,0.8198917789714889,-0.040855186304021324
2025-04-23,705.0,716.0,685.7999877929688,707.0499877929688,783601,0.0,0.0,0.00719371480479869,0.7703553689065379,-0.040855186304021324
2025-04-24,707.9000244140625,713.8499755859375,691.5499877929688,696.0,336847,0.0,0.0,-0.015628297834302862,0.777066163313451,-0.040855186304021324
2025-04-25,694.0,698.0,659.0499877929688,675.0,699682,0.0,0.0,-0.030172413793103425,0.7833226657670305,-0.040855186304021324
2025-04-28,672.0499877929688,685.4500122070312,665.4500122070312,675.4500122070312,354678,0.0,0.0,0.000666684751157387,0.5391029160555684,-0.040855186304021324
2025-04-29,683.1500244140625,697.7000122070312,673.0,679.0999755859375,398926,0.0,0.0,0.005403750555840636,0.5255221089254976,-0.040855186304021324
2025-04-30,680.0,681.5,645.0,650.2000122070312,334287,0.0,0.0,-0.04255627215119684,0.5317496766425748,-0.040855186304021324
2025-05-02,653.4500122070312,661.7000122070312,640.2999877929688,643.9500122070312,268323,0.0,0.0,-0.009612426765088888,0.5272572059215075,-0.040855186304021324
2025-05-05,652.7999877929688,704.0,630.0999755859375,692.3499755859375,5398948,0.0,0.0,0.07516105669914253,0.5732941260166844,-0.040855186304021324
2025-05-06,697.9500122070312,713.0,665.4500122070312,681.1500244140625,3073911,0.0,0.0,-0.016176719241445037,0.576175271013132,-0.040855186304021324
2025-05-07,661.0,686.4000244140625,651.75,665.9000244140625,1196200,0.0,0.0,-0.02238860669955689,0.5843637367213593,-0.040855186304021324
2025-05-08,670.8499755859375,684.7000122070312,631.0,644.2000122070312,509279,0.0,0.0,-0.03258749273380113,0.5973402502703204,-0.040855186304021324
2025-05-09,625.5499877929688,632.9500122070312,613.0,620.75,667546,0.0,0.0,-0.03640175684985081,0.6070522548630597,-0.040855186304021324
2025-05-12,675.0,702.0,651.0,691.75,5727074,0.0,0.0,0.11437776882803052,0.7084008302500876,-0.040855186304021324
2025-05-13,686.0,699.0,672.0499877929688,688.5499877929688,834227,0.0,0.0,-0.0046259663274755836,0.7086098091870228,-0.040855186304021324
2025-05-14,689.5,693.0,678.0,683.9000244140625,533268,0.0,0.0,-0.0067532691327334415,0.7032827595594242,-0.040855186304021324
2025-05-15,686.7999877929688,729.7999877929688,686.4000244140625,713.7999877929688,3413238,0.0,0.0,0.043719786974014685,0.6964814330057114,-0.040855186304021324
2025-05-16,721.0,737.0,717.0,726.0499877929688,1195994,0.0,0.0,0.017161670229046022,0.6971613899281466,-0.040855186304021324
2025-05-19,728.0,741.8499755859375,707.0499877929688,726.4500122070312,759000,0.0,0.0,0.0005509598798816295,0.5868949313380475,-0.040855186304021324
2025-05-20,730.0499877929688,739.4500122070312,710.1500244140625,719.25,687407,0.0,0.0,-0.009911228695773433,0.5880886464485275,-0.040855186304021324
2025-05-21,720.0,733.9000244140625,711.25,721.5,560311,0.0,0.0,0.0031282586027112647,0.5875453380398998,-0.040855186304021324
2025-05-22,721.0,732.0,704.4500122070312,710.9000244140625,366189,0.0,0.0,-0.014691580853690267,0.589563806796752,-0.040855186304021324
2025-05-23,730.0,765.0,728.0,740.5,5691738,0.0,0.0,0.041637325319174634,0.6058028288655678,-0.040855186304021324
2025-05-26,739.4000244140625,744.0,721.1500244140625,731.4500122070312,661884,0.0,0.0,-0.012221455493543254,0.6046057351003225,-0.040855186304021324
2025-05-27,735.4500122070312,740.7999877929688,722.6500244140625,728.7999877929688,466080,0.0,0.0,-0.003622974051318284,0.5931189951122791,-0.040855186304021324
2025-05-28,731.5,733.8499755859375,720.0,722.2000122070312,246264,0.0,0.0,-0.009055949089577076,0.5948228323523762,-0.040855186304021324
2025-05-29,721.8499755859375,728.9000244140625,719.5,722.3499755859375,233641,0.0,0.0,0.00020764798722172628,0.5949224990858162,-0.040855186304021324
2025-05-30,723.7999877929688,736.2999877929688,713.2999877929688,717.1500244140625,453035,0.0,0.0,-0.007198659026266374,0.5725556807912029,-0.040855186304021324
2025-06-02,718.9000244140625,731.9500122070312,713.0,717.5,319112,0.0,0.0,0.00048800888799171993,0.570312085361399,-0.040855186304021324
2025-06-03,720.8499755859375,723.25,705.0999755859375,707.4000244140625,235739,0.0,0.0,-0.014076621025696845,0.5145195744552881,-0.040855186304021324
2025-06-04,710.7000122070312,724.9000244140625,703.5499877929688,713.5499877929688,409100,0.0,0.0,0.008693756243506323,0.5109525201818979,-0.040855186304021324
2025-06-05,716.9000244140625,729.0,712.0,713.8499755859375,238202,0.0,0.0,0.0004204159457652512,0.5028939075124429,-0.040855186304021324
2025-06-06,714.9000244140625,716.7000122070312,706.0,707.75,227538,0.0,0.0,-0.00854517867137361,0.4876565553716831,-0.040855186304021324
2025-06-09,713.4000244140625,766.25,711.25,735.2999877929688,3528982,0.0,0.0,0.038926157248984516,0.47693228092440165,-0.040855186304021324
2025-06-10,739.25,739.2999877929688,727.7000122070312,731.5999755859375,302248,0.0,0.0,-0.005031976429289764,0.2828157454244078,-0.040855186304021324
2025-06-11,733.0,740.9500122070312,715.1500244140625,723.8499755859375,379867,0.0,0.0,-0.010593220692487137,0.28553735250066187,-0.040855186304021324
2025-06-12,723.8499755859375,727.5999755859375,704.0,709.5,269649,0.0,0.0,-0.01982451622564685,0.2943490003789966,-0.040855186304021324
2025-06-13,690.0499877929688,707.0,688.9000244140625,701.3499755859375,300250,0.0,0.0,-0.011486997059989457,0.2550527832389455,-0.040855186304021324
2025-06-16,696.8499755859375,725.0,683.0,720.5499877929688,549994,0.0,0.0,0.02737579364851439,0.2662811028564813,-0.040855186304021324
2025-06-17,717.0,719.0,700.0,702.9500122070312,225820,0.0,0.0,-0.024425752389290678,0.2791058083249207,-0.040855186304021324
2025-06-18,701.0,712.6500244140625,691.0,693.4500122070312,240105,0.0,0.0,-0.013514474479021765,0.2807613225879013,-0.040855186304021324
2025-06-19,687.0,711.5499877929688,673.7999877929688,681.6500244140625,365065,0.0,0.0,-0.017016349535294073,0.28513304829635544,-0.040855186304021324
2025-06-20,678.0,685.8499755859375,647.0999755859375,653.4500122070312,1671052,0.0,0.0,-0.04137022107682253,0.31305662096647213,-0.040855186304021324
2025-06-23,648.0,663.0,645.0499877929688,652.7000122070312,358676,0.0,0.0,-0.0011477542061203438,0.2663814197980138,-0.040855186304021324
2025-06-24,659.0,665.0499877929688,640.0499877929688,642.8499755859375,618601,0.0,0.0,-0.015091215622605847,0.2674286282243609,-0.040855186304021324
2025-06-25,643.0,647.4000244140625,635.3499755859375,637.5499877929688,567658,0.0,0.0,-0.008244517374583316,0.2673913787552888,-0.040855186304021324
2025-06-26,639.0,645.9000244140625,637.5499877929688,642.0499877929688,421383,0.0,0.0,0.007058270074755679,0.2710358887670222,-0.040855186304021324
2025-06-27,644.7999877929688,651.6500244140625,640.5999755859375,642.5,397051,0.0,0.0,0.0007008990196823994,0.2711709157945408,-0.040855186304021324
2025-06-30,644.0,645.75,637.0499877929688,642.8499755859375,259976,0.0,0.0,0.0005447090831711687,0.2718582161126546,-0.040855186304021324
2025-07-01,646.0,667.7999877929688,642.5,655.7999877929688,1471256,0.0,0.0,0.020144688028070235,0.28511290157200286,-0.040855186304021324
2025-07-02,656.0499877929688,657.7000122070312,642.0,647.5,498712,0.0,0.0,-0.012656279273352111,0.2845297427784777,-0.040855186304021324
2025-07-03,651.7999877929688,654.5499877929688,644.0,649.1500244140625,322386,0.0,0.0,0.002548300253378377,0.28184491660836,-0.040855186304021324
2025-07-04,648.7999877929688,650.4000244140625,643.0,646.5499877929688,174740,0.0,0.0,-0.0040052938817041195,0.2813186928381009,-0.040855186304021324
2025-07-07,644.0,646.25,631.0499877929688,636.2000122070312,267534,0.0,0.0,-0.0160080052298317,0.28382906620034754,-0.040855186304021324
2025-07-08,635.75,641.5,630.3499755859375,636.6500244140625,292000,0.0,0.0,0.0007073439144871241,0.2363630564505638,-0.040855186304021324
2025-07-09,639.0,640.0,633.0999755859375,635.7000122070312,198060,0.0,0.0,-0.0014922047759372559,0.2370007377116913,-0.040855186304021324
2025-07-10,632.5499877929688,669.0,632.5499877929688,648.7999877929688,1976611,0.0,0.0,0.020607165855568876,0.25432494593861504,-0.040855186304021324
2025-07-11,645.0,650.75,640.7000122070312,642.7000122070312,185068,0.0,0.0,-0.009401935420325525,0.24922091000664987,-0.040855186304021324
2025-07-14,639.0,643.0999755859375,636.0499877929688,638.2999877929688,200400,0.0,0.0,-0.006846155796625619,0.24811632098349534,-0.040855186304021324
2025-07-15,640.9000244140625,651.7999877929688,640.9000244140625,644.6500244140625,138609,0.0,0.0,0.009948357735443558,0.22642748824417328,-0.040855186304021324
2025-07-16,644.6500244140625,650.9000244140625,640.5,644.4500122070312,204032,0.0,0.0,-0.0003102647940067538,0.21577179581062608,-0.040855186304021324
2025-07-17,646.0,657.0,643.7000122070312,646.6500244140625,315155,0.0,0.0,0.003413782551569655,0.21437029423946785,-0.040855186304021324
2025-07-18,646.0,648.2000122070312,638.5,640.3499755859375,149180,0.0,0.0,-0.009742594278618566,0.20991248370026613,-0.040855186304021324
2025-07-21,640.0499877929688,646.6500244140625,636.1500244140625,643.6500244140625,161022,0.0,0.0,0.005153508165757881,0.1578606282444423,-0.040855186304021324
2025-07-22,645.3499755859375,647.9500122070312,632.0499877929688,634.0999755859375,167422,0.0,0.0,-0.014837331571328272,0.16532646038762375,-0.040855186304021324
2025-07-23,638.0,648.7999877929688,634.0,645.2999877929688,353164,0.0,0.0,0.017662849137759284,0.16983367735349236,-0.040855186304021324
2025-07-24,646.4500122070312,680.0,640.0999755859375,674.0499877929688,3027985,0.0,0.0,0.04455292196475891,0.22585770226808902,-0.040855186304021324
2025-07-25,676.0,676.0,652.1500244140625,658.0999755859375,598110,0.0,0.0,-0.023662951555352918,0.24290245188587423,-0.040855186304021324
2025-07-28,650.0,658.75,635.6500244140625,638.7999877929688,323004,0.0,0.0,-0.029326832561853644,0.2650752368194928,-0.040855186304021324
2025-07-29,636.0,650.0,633.2000122070312,647.1500244140625,241537,0.0,0.0,0.013071441422443986,0.2690075269059236,-0.040855186304021324
2025-07-30,650.0,668.0,639.8499755859375,654.1500244140625,721576,0.0,0.0,0.010816657244721473,0.26226022526795606,-0.040855186304021324
2025-07-31,634.0,648.4000244140625,625.0499877929688,638.5999755859375,328886,0.0,0.0,-0.02377138003174961,0.27168100650072197,-0.040855186304021324
2025-08-01,639.0,649.9500122070312,621.0,626.0,319084,0.0,0.0,-0.01973062334425646,0.2793636914235907,-0.040855186304021324
2025-08-04,626.0,632.6500244140625,618.0,628.4500122070312,205505,0.0,0.0,0.003913757519219185,0.2798442807174222,-0.040855186304021324
2025-08-05,626.0,637.9500122070312,622.5499877929688,626.5999755859375,167431,0.0,0.0,-0.002943808712162599,0.27474922252863615,-0.040855186304021324
2025-08-06,626.1500244140625,632.4500122070312,616.0,618.5999755859375,145785,0.0,0.0,-0.012767316169329801,0.27789958843901075,-0.040855186304021324
2025-08-07,613.0,618.7000122070312,596.0499877929688,612.4000244140625,329289,0.0,0.0,-0.010022553211390672,0.27956958168775603,-0.040855186304021324
2025-08-08,611.0,614.5499877929688,590.0,593.1500244140625,194839,0.0,0.0,-0.031433702208647385,0.28547523323693796,-0.040855186304021324
2025-08-11,593.0,599.5,585.0,593.4500122070312,218058,0.0,0.0,0.0005057536552663944,0.2852231655209743,-0.040855186304021324
2025-08-12,594.0,606.2000122070312,593.5,601.2000122070312,211849,0.0,0.0,0.01305922965807671,0.29068314980721704,-0.040855186304021324
2025-08-13,604.0,624.0,600.0,606.7000122070312,319649,0.0,0.0,0.009148369741060591,0.2902578598884996,-0.040855186304021324
2025-08-14,607.0,610.4000244140625,600.0,606.1500244140625,120137,0.0,0.0,-0.0009065234578915504,0.29020267008238604,-0.040855186304021324
2025-08-18,614.7000122070312,631.0,610.25,626.5,415510,0.0,0.0,0.033572506419691894,0.3159433018567701,-0.040855186304021324
2025-08-19,625.0,647.9000244140625,621.0,642.0,548119,0.0,0.0,0.024740622505985632,0.3267551640250367,-0.040855186304021324
2025-08-20,641.0,648.0,638.2000122070312,642.9000244140625,226673,0.0,0.0,0.0014019071870132738,0.3263145807759779,-0.040855186304021324
2025-08-21,643.5999755859375,654.0,632.0,633.3499755859375,213904,0.0,0.0,-0.014854640636899785,0.3263245995946287,-0.040855186304021324
2025-08-22,632.0,647.0,628.0,638.4000244140625,318388,0.0,0.0,0.007973551784624222,0.3214603726020598,-0.040855186304021324
2025-08-25,640.0,663.9000244140625,634.0,636.6500244140625,1120867,0.0,0.0,-0.0027412279653438176,0.27694890844207126,-0.040855186304021324
2025-08-26,636.0,637.0,615.0,618.0999755859375,508921,0.0,0.85,-0.029136963978282138,0.2827897197615324,-0.040855186304021324
2025-08-28,617.0,617.0999755859375,602.0,603.7000122070312,257372,0.0,0.0,-0.023297142772503054,0.2763696416028134,-0.040855186304021324
2025-08-29,605.0,611.0499877929688,592.7999877929688,594.9500122070312,291554,0.0,0.0,-0.014493953657564784,0.2732249646490051,-0.040855186304021324
2025-09-01,595.0,617.0,595.0,612.6500244140625,309680,0.0,0.0,0.029750419100541103,0.29317965902464127,-0.040855186304021324
2025-09-02,613.0,617.75,607.0,611.4500122070312,267961,0.0,0.0,-0.0019587238377717364,0.2832330020218058,-0.040855186304021324
2025-09-03,610.0,624.0999755859375,607.4000244140625,614.4500122070312,232082,0.0,0.0,0.00490637000590044,0.276485117927895,-0.040855186304021324
2025-09-04,628.5,634.4000244140625,605.0,606.4500122070312,379358,0.0,0.0,-0.013019773522771949,0.27910246152663537,-0.040855186304021324
2025-09-05,607.0499877929688,619.5,605.0,613.5999755859375,229416,0.0,0.0,0.011789864349883716,0.2828163351325618,-0.040855186304021324
2025-09-08,618.5,632.7000122070312,614.0999755859375,622.7999877929688,297646,0.0,0.0,0.01499350158585977,0.2844183651113826,-0.040855186304021324
2025-09-09,625.0,631.9000244140625,616.5,626.75,270579,0.0,0.0,0.006342344708497816,0.2824506062029057,-0.040855186304021324
2025-09-10,625.9000244140625,638.0,623.2000122070312,631.3499755859375,393309,0.0,0.0,0.007339410587853923,0.2566703215290058,-0.040855186304021324
2025-09-11,631.3499755859375,641.5,623.4000244140625,625.8499755859375,245561,0.0,0.0,-0.008711491585781106,0.25981125374518754,-0.040855186304021324
2025-09-12,644.0,732.7999877929688,643.9500122070312,712.9500122070312,43244953,0.0,0.0,0.13917079175332447,0.5398097554497555,-0.040855186304021324
2025-09-15,715.0,764.2999877929688,713.0999755859375,736.75,23550754,0.0,0.0,0.03338240744157184,0.5465674176030657,-0.040855186304021324
2025-09-16,736.75,748.0,710.0,717.9500122070312,5740997,0.0,0.0,-0.025517458829954154,0.5591578925773554,-0.040855186304021324
2025-09-17,720.0999755859375,758.5,711.0999755859375,735.9500122070312,9811287,0.0,0.0,0.025071383374821066,0.5551445680129978,-0.040855186304021324
2025-09-18,735.9000244140625,744.25,727.2999877929688,735.75,1405140,0.0,0.0,-0.0002717741744869828,0.5525351768153779,-0.040855186304021324
2025-09-19,734.9500122070312,742.5,722.7000122070312,725.5999755859375,1080266,0.0,0.0,-0.013795480005521554,0.5569838209915351,-0.040855186304021324
2025-09-22,725.7999877929688,747.0,721.0,741.7000122070312,2069456,0.0,0.0,0.022188584844001102,0.5540055326353116,-0.040855186304021324
2025-09-23,750.0,790.0,731.1500244140625,738.2000122070312,11236046,0.0,0.0,-0.004718888961030565,0.5557820521969259,-0.040855186304021324
2025-09-24,739.9000244140625,740.0,724.5999755859375,727.8499755859375,1022302,0.0,0.0,-0.01402064000263259,0.5597573461509266,-0.040855186304021324
2025-09-25,722.25,726.9000244140625,710.0,712.75,736257,0.0,0.0,-0.020745999989601804,0.5536624276610473,-0.040855186304021324
2025-09-26,705.0,706.8499755859375,682.5,686.0,867632,0.0,0.0,-0.03753069098561912,0.5656557876740167,-0.040855186304021324
2025-09-29,686.0,696.0,676.0,678.6500244140625,525215,0.0,0.0,-0.010714250125273272,0.5640227874935323,-0.040855186304021324
2025-09-30,681.0,686.2999877929688,667.2999877929688,670.25,463126,0.0,0.0,-0.012377549711745761,0.5613477355763066,-0.040855186304021324
2025-10-01,671.7999877929688,684.7999877929688,670.4000244140625,681.3499755859375,390920,0.0,0.0,0.01656094828189114,0.5621836755406077,-0.040855186304021324
2025-10-03,681.5,688.4000244140625,675.9500122070312,682.7999877929688,375227,0.0,0.0,0.0021281459734174835,0.5623172972415984,-0.040855186304021324
2025-10-06,682.7999877929688,691.0999755859375,675.7000122070312,677.4000244140625,279485,0.0,0.0,-0.007908558106980434,0.5604608001704761,-0.040855186304021324
2025-10-07,673.0499877929688,678.9000244140625,667.0999755859375,668.9500122070312,271469,0.0,0.0,-0.012474183499388447,0.5635100651024955,-0.040855186304021324
2025-10-08,669.0,673.5,656.25,659.0,335362,0.0,0.0,-0.014874074333601883,0.5661182126938894,-0.040855186304021324
2025-10-09,658.7999877929688,662.7999877929688,650.9000244140625,652.8499755859375,246582,0.0,0.0,-0.009332358746680591,0.5676458731497174,-0.040855186304021324
2025-10-10,652.5499877929688,671.4500122070312,652.5499877929688,664.5499877929688,639582,0.0,0.0,0.01792144082801017,0.5699576116119444,-0.040855186304021324
2025-10-13,657.25,659.9000244140625,647.0,650.6500244140625,313144,0.0,0.0,-0.020916354878087184,0.57467164687181,-0.040855186304021324
2025-10-14,650.6500244140625,654.5999755859375,635.2000122070312,638.0499877929688,370545,0.0,0.0,-0.019365305691705137,0.292565472616242,-0.040855186304021324
2025-10-15,635.5,657.8499755859375,635.0,653.0,379984,0.0,0.0,0.02343078519403119,0.27772253330610064,-0.040855186304021324
2025-10-16,658.0,666.9500122070312,650.8499755859375,659.9000244140625,318259,0.0,0.0,0.010566653007752613,0.2731823628260726,-0.040855186304021324
2025-10-17,657.0,658.0,645.0,649.5499877929688,194234,0.0,0.0,-0.015684249489585578,0.25463962601445067,-0.040855186304021324
2025-10-20,650.0,667.9000244140625,650.0,653.5999755859375,373253,0.0,0.0,0.0062350671527680035,0.25740421160645804,-0.040855186304021324
2025-10-21,653.5999755859375,662.5,653.0,655.3499755859375,81694,0.0,0.0,0.0026774786801837536,0.2570373066797303,-0.040855186304021324
2025-10-23,660.0,662.0,651.7000122070312,654.0,195236,0.0,0.0,-0.0020599307793222055,0.23808835289577865,-0.040855186304021324
2025-10-24,652.5,656.5,645.0,649.0,149480,0.0,0.0,-0.007645259938837912,0.238126387376614,-0.040855186304021324
2025-10-27,649.0,668.7000122070312,647.3499755859375,654.2000122070312,474312,0.0,0.0,0.008012345465379322,0.24099731041423866,-0.040855186304021324
2025-10-28,655.0,664.5499877929688,653.0,657.25,231496,0.0,0.0,0.004662164072237296,0.23604469131614317,-0.040855186304021324
2025-10-29,664.0,684.5,660.0999755859375,677.6500244140625,979666,0.0,0.0,0.031038454795074166,0.23186551157650864,-0.040855186304021324
2025-10-30,680.0999755859375,691.2000122070312,678.0,680.9500122070312,546225,0.0,0.0,0.004869752341294609,0.22947223831224317,-0.040855186304021324
2025-10-31,680.0,680.0,662.0,665.0,428056,0.0,0.0,-0.02342317632881097,0.24008188102942374,-0.040855186304021324
2025-11-03,669.0,672.9500122070312,655.8499755859375,658.9500122070312,299205,0.0,0.0,-0.009097726004464235,0.23379396360240592,-0.040855186304021324
2025-11-04,659.7000122070312,663.1500244140625,648.0,649.1500244140625,168804,0.0,0.0,-0.014872126278813624,0.237862844078956,-0.040855186304021324
2025-11-06,650.0,652.8499755859375,632.0,639.75,250913,0.0,0.0,-0.014480511531286155,0.24088659290869327,-0.040855186304021324
2025-11-07,640.0,640.0499877929688,628.3499755859375,634.0999755859375,227031,0.0,0.0,-0.008831612995799154,0.23933264417212577,-0.040855186304021324
2025-11-10,630.6500244140625,639.0,625.0,627.2000122070312,141361,0.0,0.0,-0.01088150708810609,0.23710764141436,-0.040855186304021324
2025-11-11,626.0,635.0,621.0499877929688,632.4500122070312,195917,0.0,0.0,0.008370535551372127,0.2383687036486131,-0.040855186304021324
2025-11-12,632.4500122070312,643.4500122070312,632.4500122070312,635.5499877929688,221931,0.0,0.0,0.0049015345499316965,0.22915784112681706,-0.040855186304021324
2025-11-13,633.5499877929688,645.0,629.3499755859375,631.5499877929688,234305,0.0,0.0,-0.006293761429986833,0.2193566369362426,-0.040855186304021324
2025-11-14,632.0,635.25,628.0,633.4000244140625,119353,0.0,0.0,0.0029293589689691757,0.20963699316863094,-0.040855186304021324
2025-11-17,639.4000244140625,645.0,634.1500244140625,642.3499755859375,207497,0.0,0.0,0.014130013935749863,0.19857441052237096,-0.040855186304021324
2025-11-18,641.0,641.0,629.1500244140625,630.7999877929688,157382,0.0,0.0,-0.017980833240373584,0.20273151019465782,-0.040855186304021324
2025-11-19,629.0,632.7000122070312,623.7000122070312,624.9500122070312,137047,0.0,0.0,-0.0092738993328223,0.19847812293548098,-0.040855186304021324
2025-11-20,631.0,634.25,623.25,624.5499877929688,102670,0.0,0.0,-0.0006400902572187839,0.19640559850207345,-0.040855186304021324
2025-11-21,626.5,627.6500244140625,610.0999755859375,614.5999755859375,152343,0.0,0.0,-0.01593149051558318,0.20123374626129387,-0.040855186304021324
2025-11-24,614.5,614.5999755859375,603.0,606.25,177263,0.0,0.0,-0.013586033058294422,0.20450703944558912,-0.040855186304021324
2025-11-25,606.25,612.4000244140625,603.2999877929688,606.5,126654,0.0,0.0,0.0004123711340207059,0.2043663254863653,-0.040855186304021324
2025-11-26,606.4000244140625,618.9000244140625,604.0499877929688,617.25,139417,0.0,0.0,0.017724649629018874,0.21360567474779554,-0.040855186304021324
2025-11-27,620.5999755859375,624.4500122070312,615.0,618.1500244140625,87641,0.0,0.0,0.0014581197473673146,0.2125037762166401,-0.040855186304021324
2025-11-28,619.9500122070312,621.4500122070312,612.1500244140625,614.0,101169,0.0,0.0,-0.006713620076285287,0.17331585451684975,-0.040855186304021324
2025-12-01,612.0,627.7999877929688,611.0,612.8499755859375,188432,0.0,0.0,-0.0018730039316978697,0.17020561155763606,-0.040855186304021324
2025-12-02,615.0499877929688,616.5499877929688,607.7000122070312,612.1500244140625,121464,0.0,0.0,-0.0011421248262363237,0.15670036114461952,-0.040855186304021324
2025-12-03,610.0,615.0,602.0499877929688,604.75,116687,0.0,0.0,-0.012088579790788478,0.15828744397163688,-0.040855186304021324
2025-12-04,601.0499877929688,609.0,599.2999877929688,602.3499755859375,115767,0.0,0.0,-0.003968622429206259,0.15330657450585444,-0.040855186304021324
2025-12-05,602.9500122070312,603.1500244140625,586.8499755859375,590.0499877929688,192133,0.0,0.0,-0.020420002144108884,0.15989965438833523,-0.040855186304021324
2025-12-08,590.0,592.0,564.0499877929688,567.2999877929688,236134,0.0,0.0,-0.03855605536929918,0.19985741358238251,-0.040855186304021324
2025-12-09,565.0,580.0,551.7000122070312,571.5,272731,0.0,0.0,0.00740351189389421,0.2033274300857741,-0.040855186304021324
2025-12-10,573.9500122070312,578.25,556.0499877929688,558.7000122070312,146245,0.0,0.0,-0.022397178990321565,0.20699486932379416,-0.040855186304021324
2025-12-11,559.9500122070312,567.2000122070312,551.9000244140625,565.1500244140625,151948,0.0,0.0,0.011544678836772793,0.21252954980076316,-0.040855186304021324
2025-12-12,566.0,585.0,564.0,570.8499755859375,128189,0.0,0.0,0.010085731090226258,0.21921669863916393,-0.040855186304021324
2025-12-15,570.25,579.0,563.7999877929688,576.0999755859375,112766,0.0,0.0,0.009196812165247481,0.2230105137852078,-0.040855186304021324
2025-12-16,576.0999755859375,576.0999755859375,560.5999755859375,562.9000244140625,108048,0.0,0.0,-0.02291260498396941,0.22111690301005854,-0.040855186304021324
2025-12-17,562.1500244140625,568.5,550.1500244140625,552.3499755859375,164142,0.0,0.0,-0.01874231368013679,0.2216443188494648,-0.040855186304021324
2025-12-18,551.7000122070312,553.9500122070312,540.2000122070312,543.9000244140625,211012,0.0,0.0,-0.015298183299295331,0.2236666585553951,-0.040855186304021324
2025-12-19,550.0,586.0,547.25,572.0999755859375,4535569,0.0,0.0,0.05184767403210633,0.30138627595800843,-0.040855186304021324
2025-12-22,569.9500122070312,580.0999755859375,569.6500244140625,572.4500122070312,257400,0.0,0.0,0.000611845194950833,0.2985680138901032,-0.040855186304021324
2025-12-23,574.0,584.0999755859375,569.5999755859375,577.9500122070312,264762,0.0,0.0,0.009607825806126291,0.299221929839525,-0.040855186304021324
2025-12-24,582.4000244140625,658.7999877929688,580.0,639.9500122070312,35985695,0.0,0.0,0.10727571362658028,0.4830652393634866,-0.040855186304021324
2025-12-26,639.9500122070312,640.0999755859375,615.5999755859375,622.5,2552664,0.0,0.0,-0.027267773848226762,0.49084589857605165,-0.040855186304021324
2025-12-29,616.0,627.4500122070312,605.2000122070312,608.7000122070312,637908,0.0,0.0,-0.02216865508910637,0.49725315557221594,-0.040855186304021324
2025-12-30,608.0,648.5,605.0,634.2000122070312,8205131,0.0,0.0,0.04189255707017625,0.5174326799900085,-0.040855186304021324
2025-12-31,631.5,633.7999877929688,620.0499877929688,627.3499755859375,756592,0.0,0.0,-0.01080106668124381,0.5192025050350723,-0.040855186304021324
2026-01-01,625.0,633.0999755859375,622.4500122070312,625.6500244140625,293274,0.0,0.0,-0.002709733383327695,0.5193353909364798,-0.040855186304021324
2026-01-02,626.25,674.6500244140625,625.0,666.5999755859375,13084529,0.0,0.0,0.06545184939491633,0.5614694878746681,-0.040855186304021324
2026-01-05,659.2000122070312,664.9000244140625,647.2000122070312,651.2999877929688,743273,0.0,0.0,-0.022952277757766426,0.5691832213954391,-0.040855186304021324
2026-01-06,648.5999755859375,652.5,638.5499877929688,640.5,345028,0.0,0.0,-0.016582201743264524,0.5672334106783127,-0.040855186304021324
2026-01-07,639.0,681.0,634.0,665.4000244140625,4258923,0.0,0.0,0.038875916337334004,0.556493305108226,-0.040855186304021324
2026-01-08,660.0,662.7999877929688,634.2999877929688,637.3499755859375,847849,0.0,0.0,-0.04215516651479734,0.5832136147751922,-0.040855186304021324
2026-01-09,637.3499755859375,639.0499877929688,610.4500122070312,613.7000122070312,625257,0.0,0.0,-0.03710671418346578,0.5943040936115588,-0.040855186304021324
2026-01-12,613.5499877929688,613.5499877929688,585.2999877929688,599.75,1039989,0.0,0.0,-0.02273099548566604,0.6014591208204415,-0.040855186304021324
2026-01-13,603.0,623.5999755859375,598.0999755859375,607.7000122070312,832077,0.0,0.0,0.013255543488172261,0.6019966951384675,-0.040855186304021324
2026-01-14,607.0499877929688,611.0,596.5999755859375,600.9000244140625,427796,0.0,0.0,-0.011189711463510887,0.603768339769165,-0.040855186304021324
2026-01-15,600.9000244140625,600.9000244140625,600.9000244140625,600.9000244140625,0,0.0,0.0,0.0,0.5967085599189372,-0.040855186304021324
2026-01-16,601.0,608.7000122070312,590.0,592.7999877929688,351251,0.0,0.0,-0.013479840725571735,0.5944815612026203,-0.040855186304021324
2026-01-19,592.0499877929688,593.7999877929688,583.25,586.7999877929688,303938,0.0,0.0,-0.010121457698301195,0.5926297779401762,-0.040855186304021324
2026-01-20,586.0,588.0999755859375,553.6500244140625,562.6500244140625,495585,0.0,0.0,-0.04115535767091172,0.5860760429108238,-0.040855186304021324
2026-01-21,558.0,568.25,548.1500244140625,552.4000244140625,543503,0.0,0.0,-0.018217363467946557,0.5893821620577206,-0.040855186304021324
2026-01-22,558.5,566.2999877929688,550.0,551.9500122070312,342802,0.0,0.0,-0.000814649143994095,0.5881094851673689,-0.040855186304021324
2026-01-23,555.0,557.9000244140625,525.2999877929688,529.0,431556,0.0,0.0,-0.041579874444178655,0.4511305855869014,-0.040855186304021324
2026-01-27,530.25,543.75,518.0,537.5,527212,0.0,0.0,0.016068052930056753,0.4535615892844966,-0.040855186304021324
2026-01-28,537.0,566.75,534.0499877929688,561.8499755859375,923832,0.0,0.0,0.04530228015988369,0.4835746966534456,-0.040855186304021324
2026-01-29,564.5999755859375,567.25,546.4000244140625,561.5999755859375,381667,0.0,0.0,-0.0004449586381832793,0.45504308487541106,-0.040855186304021324
2026-01-30,558.0,573.5999755859375,548.0,564.0499877929688,726826,0.0,0.0,0.004362557538353018,0.45580026246690164,-0.040855186304021324
2026-02-02,545.0,567.9000244140625,542.0999755859375,556.2999877929688,502013,0.0,0.0,-0.013739916971409638,0.4568051147478961,-0.040855186304021324
2026-02-03,601.4500122070312,603.0,567.3499755859375,570.0999755859375,369505,0.0,0.0,0.024806737544104562,0.39514751708772516,-0.040855186304021324
2026-02-04,572.9500122070312,618.4000244140625,567.3499755859375,597.8499755859375,4395376,0.0,0.0,0.04867567301941933,0.4348994110851089,-0.040855186304021324
2026-02-05,593.7999877929688,593.7999877929688,580.5999755859375,585.1500244140625,383426,0.0,0.0,-0.021242705846777232,0.43693199655160253,-0.040855186304021324
2026-02-06,580.0,588.8499755859375,573.0,580.6500244140625,275189,0.0,0.0,-0.007690335490468492,0.4082810589833672,-0.040855186304021324
2026-02-09,585.0,601.9500122070312,583.5499877929688,597.75,354260,0.0,0.0,0.02944971130104257,0.4040487588184949,-0.040855186304021324
2026-02-10,598.0,612.4000244140625,598.0,603.6500244140625,335319,0.0,0.0,0.009870387978356376,0.3860783305291228,-0.040855186304021324
2026-02-11,603.6500244140625,612.4000244140625,601.0,610.0999755859375,485619,0.0,0.0,0.010684918265572385,0.379131003411142,-0.040855186304021324
2026-02-12,608.0499877929688,608.0499877929688,592.9000244140625,596.5,228087,0.0,0.0,-0.022291388510343957,0.3847100138427978,-0.040855186304021324
2026-02-13,593.0499877929688,593.0499877929688,578.0,579.8499755859375,206986,0.0,0.0,-0.027912865740255643,0.3947373300696231,-0.040855186304021324
2026-02-16,572.9000244140625,591.8499755859375,572.9000244140625,585.0999755859375,248757,0.0,0.0,0.009054066087861523,0.3963855009893499,-0.040855186304021324
2026-02-17,577.0,586.8499755859375,576.0,583.1500244140625,139896,0.0,0.0,-0.003332680316594172,0.3939019370570033,-0.040855186304021324
2026-02-18,580.0,589.8499755859375,580.0,582.9000244140625,145328,0.0,0.0,-0.00042870614684653585,0.39234338619326087,-0.040855186304021324
2026-02-19,581.4000244140625,586.1500244140625,566.4000244140625,570.75,135318,0.0,0.0,-0.02084409659491071,0.37125844923393336,-0.040855186304021324
2026-02-20,567.0,572.0,561.0499877929688,570.4500122070312,190738,0.0,0.0,-0.0005256027910096606,0.3647573900701069,-0.040855186304021324
2026-02-23,570.9500122070312,577.7000122070312,561.25,567.5499877929688,245886,0.0,0.0,-0.005083748535375632,0.3654395033595472,-0.040855186304021324
2026-02-24,565.0,567.9500122070312,553.0,556.5,177928,0.0,0.0,-0.019469629161545488,0.33965459290609784,-0.040855186304021324
2026-02-25,558.2000122070312,562.3499755859375,548.0499877929688,556.4500122070312,207196,0.0,0.0,-8.982532429246959e-05,0.3361951994403278,-0.040855186304021324
2026-02-26,558.9000244140625,570.9000244140625,553.7999877929688,560.7000122070312,209140,0.0,0.0,0.0076377031301397835,0.2980264851568619,-0.040855186304021324
2026-02-27,560.2999877929688,560.6500244140625,548.5499877929688,551.3499755859375,117472,0.0,0.0,-0.016675649041436702,0.30362996128521297,-0.040855186304021324
2026-03-02,526.0999755859375,538.6500244140625,517.75,527.2999877929688,359112,0.0,0.0,-0.04362018474274898,0.337183764635111,-0.040855186304021324
2026-03-04,515.0,517.4000244140625,504.5,508.0,335476,0.0,0.0,-0.03660153278923728,0.35518797350446946,-0.040855186304021324
2026-03-05,508.54998779296875,521.0,502.29998779296875,514.2000122070312,280998,0.0,0.0,0.01220474843903796,0.3448063413763097,-0.040855186304021324
2026-03-06,514.2000122070312,528.1500244140625,510.70001220703125,521.9000244140625,236173,0.0,0.0,0.014974741392909552,0.295312332543765,-0.040855186304021324
2026-03-09,513.9500122070312,513.9500122070312,497.0,509.25,233379,0.0,0.0,-0.02423840548439271,0.2973994520147693,-0.040855186304021324
2026-03-10,514.9000244140625,525.0,511.29998779296875,522.25,294469,0.0,0.0,0.025527736867942963,0.3172201853308114,-0.040855186304021324
2026-03-11,522.25,531.7000122070312,510.04998779296875,511.8500061035156,193882,0.0,0.0,-0.019913822683550797,0.2953142697656326,-0.040855186304021324
2026-03-12,509.95001220703125,526.1500244140625,496.29998779296875,514.0499877929688,382419,0.0,0.0,0.004298098394489802,0.29186797294901257,-0.040855186304021324
2026-03-13,511.0,511.8999938964844,491.0,494.29998779296875,331018,0.0,0.0,-0.03842038803423575,0.3027708835361822,-0.040855186304021324
2026-03-16,499.8500061035156,500.3999938964844,477.0,486.20001220703125,418609,0.0,0.0,-0.01638676064327571,0.3003823612141793,-0.040855186304021324
2026-03-17,488.75,498.5,488.1000061035156,492.20001220703125,254130,0.0,0.0,0.012340600266059099,0.3016830047167944,-0.040855186304021324
2026-03-18,496.20001220703125,590.5999755859375,496.20001220703125,584.75,44287182,0.0,0.0,0.18803329032434069,0.7419760097377468,-0.040855186304021324
2026-03-19,562.9500122070312,573.9000244140625,542.25,548.9500122070312,9555262,0.0,0.0,-0.061222723887077835,0.7726266857676435,-0.040855186304021324
2026-03-20,550.0,588.4500122070312,540.0999755859375,567.25,15985739,0.0,0.0,0.03333634645419603,0.7821945266713397,-0.040855186304021324
2026-03-23,556.0,569.4000244140625,533.0,540.7000122070312,2165425,0.0,0.0,-0.04680473828641474,0.7958671237272167,-0.040855186304021324
2026-03-24,560.0,603.5499877929688,553.1500244140625,572.2000122070312,18969915,0.0,0.0,0.058257812629637584,0.8223486628935451,-0.040855186304021324
2026-03-25,572.9500122070312,592.0,566.9000244140625,572.6500244140625,2386075,0.0,0.0,0.0007864596250102274,0.8220224887565745,-0.040855186304021324
2026-03-27,570.0,570.0,542.6500244140625,546.6500244140625,1064147,0.0,0.0,-0.045402949256141745,0.8352076668685854,-0.040855186304021324
2026-03-30,539.0,541.0999755859375,512.4000244140625,515.25,775372,0.0,0.0,-0.0574408177292578,0.8589081945494064,-0.040855186304021324
2026-04-01,540.0,584.75,533.5499877929688,561.0999755859375,12366658,0.0,0.0,0.08898588177765654,0.915208295177934,-0.040855186304021324
2026-04-02,550.0,571.5,536.7999877929688,561.7000122070312,1712195,0.0,0.0,0.0010693934186454257,0.9128231701456034,-0.040855186304021324
2026-04-06,562.0,573.1500244140625,546.2000122070312,560.75,1069379,0.0,0.0,-0.001691315980746455,0.897635387869251,-0.040855186304021324
2026-04-07,563.0,572.0,555.0499877929688,560.3499755859375,834912,0.0,0.0,-0.0007133738993535532,0.8855248626612707,-0.040855186304021324
2026-04-08,588.0,588.0,575.0,580.25,1089877,0.0,0.0,0.03551356345336454,0.8912206588625177,-0.040855186304021324
2026-04-09,581.0999755859375,633.0,575.6500244140625,604.9500122070312,8460712,0.0,0.0,0.042567879719140445,0.8993482595742122,-0.040855186304021324
2026-04-10,608.0,626.9500122070312,606.3499755859375,611.4500122070312,2168543,0.0,0.0,0.010744689426959608,0.8914328543201349,-0.040855186304021324
2026-04-13,609.0,644.9500122070312,606.7999877929688,624.5999755859375,5884400,0.0,0.0,0.021506195300317943,0.8906681217796432,-0.040855186304021324
2026-04-15,635.0,637.7000122070312,625.0,628.1500244140625,1055164,0.0,0.0,0.005683715925212329,0.8842360887673715,-0.040855186304021324
2026-04-16,632.0,639.75,619.0,624.0999755859375,941611,0.0,0.0,-0.0064475820595610855,0.8860733706758913,-0.040855186304021324
2026-04-17,626.0999755859375,632.0,622.1500244140625,624.2000122070312,470899,0.0,0.0,0.00016028941677137531,0.8690511598808484,-0.040855186304021324
2026-04-20,627.0,627.0,613.0999755859375,615.6500244140625,528254,0.0,0.0,-0.013697513017883356,0.8679734224950674,-0.040855186304021324
2026-04-21,615.6500244140625,635.75,613.75,626.0,949861,0.0,0.0,0.016811459718186317,0.8680917704458179,-0.040855186304021324
2026-04-22,624.0,638.0,622.1500244140625,628.9500122070312,607493,0.0,0.0,0.0047124795639477135,0.5895854034662263,-0.040855186304021324
2026-04-23,625.0,639.2999877929688,617.0999755859375,622.75,665961,0.0,0.0,-0.009857718557433448,0.5428441623165339,-0.040855186304021324
2026-04-24,620.0,627.0,606.6500244140625,612.8499755859375,427230,0.0,0.0,-0.01589726923173429,0.5390408319460587,-0.040855186304021324
2026-04-27,617.7000122070312,634.7999877929688,615.25,628.75,576559,0.0,0.0,0.025944399196329737,0.5104037049483251,-0.040855186304021324
2026-04-28,630.6500244140625,655.0,626.0,645.2999877929688,2379750,0.0,0.0,0.026322048179671986,0.48172469358399983,-0.040855186304021324
2026-04-29,650.9000244140625,654.7000122070312,635.0499877929688,637.6500244140625,574914,0.0,0.0,-0.011854894659258153,0.485481907511286,-0.040855186304021324
2026-04-30,636.0499877929688,638.7999877929688,621.0999755859375,630.1500244140625,515889,0.0,0.0,-0.011761937917107002,0.453937042418613,-0.040855186304021324
2026-05-01,630.1500244140625,630.1500244140625,630.1500244140625,630.1500244140625,0,0.0,0.0,0.0,0.3900273325202646,-0.040855186304021324
2026-05-04,633.2000122070312,638.7999877929688,623.5499877929688,628.7000122070312,378366,0.0,0.0,-0.0023010587175323893,0.26497420912753383,-0.040855186304021324
2026-05-05,627.0,633.0,617.0,619.0499877929688,361640,0.0,0.0,-0.015349171666446115,0.2744179197915366,-0.040855186304021324
2026-05-06,623.9500122070312,628.0,611.0499877929688,618.4000244140625,591753,0.0,0.0,-0.0010499368253337193,0.2742362582897889,-0.040855186304021324
2026-05-07,622.0,628.0,616.5999755859375,624.2000122070312,530980,0.0,0.0,0.00937902258083545,0.2739027821889007,-0.040855186304021324
2026-05-08,623.0,663.5,616.0,649.9000244140625,3113866,0.0,0.0,0.041172719808450164,0.2823419715774092,-0.040855186304021324
2026-05-11,659.0,697.9000244140625,653.0999755859375,681.6500244140625,15067166,0.0,0.0,0.04885366796012236,0.2933479671347076,-0.040855186304021324
2026-05-12,690.0,711.2000122070312,645.1500244140625,657.0499877929688,6473556,0.0,0.0,-0.036088954360765424,0.3265111452985843,-0.040855186304021324
2026-05-13,664.0,673.0,658.2000122070312,663.8499755859375,1038294,0.0,0.0,0.010349270100148633,0.3210567116552111,-0.040855186304021324
2026-05-14,669.9000244140625,672.2999877929688,640.5499877929688,650.4500122070312,727285,0.0,0.0,-0.020185228397544108,0.3307914677721718,-0.040855186304021324
2026-05-15,655.0,662.0,638.0,641.5999755859375,635290,0.0,0.0,-0.013606021146905456,0.33397285021770373,-0.040855186304021324
2026-05-18,638.0499877929688,638.0499877929688,607.6500244140625,619.1500244140625,645334,0.0,0.0,-0.03499057360682212,0.35717645316118507,-0.040855186304021324
2026-05-19,620.7000122070312,638.0,616.0999755859375,622.9500122070312,554340,0.0,0.0,0.006137426541434676,0.35429255872681603,-0.040855186304021324
2026-05-20,622.0,655.3499755859375,613.0,643.5999755859375,2082620,0.0,0.0,0.03314866839113795,0.36785748856374134,-0.040855186304021324
2026-05-21,647.0,652.0,640.0999755859375,642.5499877929688,378338,0.0,0.0,-0.0016314291995005448,0.36783217763192044,-0.040855186304021324
2026-05-22,642.0,644.5999755859375,628.0,631.7999877929688,282597,0.0,0.0,-0.016730215865265352,0.3712074632424164,-0.040855186304021324
2026-05-25,639.0,646.2000122070312,636.0,637.9000244140625,267878,0.0,0.0,0.00965501224905485,0.36713008841539474,-0.040855186304021324
2026-05-26,637.0499877929688,651.9500122070312,632.4500122070312,639.3499755859375,351161,0.0,0.0,0.0022730069233134476,0.3568223251026738,-0.040855186304021324
2026-05-27,639.0,646.9000244140625,635.2000122070312,640.7999877929688,290230,0.0,0.0,0.002267947544226212,0.3448731253972145,-0.040855186304021324
2026-05-28,640.7999877929688,640.7999877929688,640.7999877929688,640.7999877929688,0,0.0,0.0,0.0,0.34222107468256224,-0.040855186304021324
2026-05-29,643.0,657.5,616.1500244140625,621.4500122070312,680048,0.0,0.0,-0.030196591689369945,0.3561859586734224,-0.040855186304021324
2026-06-01,629.0,661.6500244140625,629.0,646.9000244140625,2534232,0.0,0.0,0.04095262966790769,0.3839672566882175,-0.040855186304021324
2026-06-02,640.0,652.0,630.25,647.3499755859375,655980,0.0,0.0,0.0006955497834191249,0.38373110451847975,-0.040855186304021324
2026-06-03,646.4000244140625,679.0,636.9000244140625,669.25,1347352,0.0,0.0,0.033830269931253376,0.3939308527037049,-0.040855186304021324
2026-06-04,690.0,718.5999755859375,686.9000244140625,692.7999877929688,16349825,0.0,0.0,0.03518862576461523,0.40782150842858433,-0.040855186304021324
2026-06-05,691.9500122070312,696.0,671.4000244140625,679.7000122070312,1113860,0.0,0.0,-0.01890874107499585,0.4163225399200724,-0.040855186304021324
2026-06-08,660.0499877929688,668.4000244140625,645.2000122070312,652.5499877929688,646336,0.0,0.0,-0.03994412818370352,0.42082572217789055,-0.040855186304021324
2026-06-09,656.2000122070312,681.9000244140625,654.2000122070312,676.75,878368,0.0,0.0,0.03708530022179546,0.4054927521698296,-0.040855186304021324
2026-06-10,676.75,690.5499877929688,662.5499877929688,666.9000244140625,846838,0.0,0.0,-0.014554821700683451,0.3878440445694572,-0.040855186304021324
2026-06-11,658.0,663.9000244140625,642.25,644.8499755859375,481117,0.0,0.0,-0.03306349980643375,0.40348774672075993,-0.040855186304021324
2026-06-12,652.0499877929688,689.9500122070312,652.0499877929688,683.7999877929688,4784656,0.0,0.0,0.06040166500997324,0.4493602681048495,-0.040855186304021324
2026-06-15,691.25,697.5999755859375,680.5,683.2999877929688,721344,0.0,0.0,-0.0007312079685959372,0.4456491087070467,-0.040855186304021324
2026-06-16,683.5,687.8499755859375,677.0499877929688,684.7000122070312,366742,0.0,0.0,0.0020489161994345917,0.4233857980260189,-0.040855186304021324
2026-06-17,684.7000122070312,704.4000244140625,680.5,692.9000244140625,1270904,0.0,0.0,0.011976065518970458,0.42404183155846187,-0.040855186304021324
2026-06-18,695.0,713.9500122070312,688.7000122070312,706.5,2762500,0.0,0.0,0.019627615971637535,0.4153990528388827,-0.040855186304021324
2026-06-19,708.0,738.0,699.1500244140625,727.2999877929688,5104745,0.0,0.0,0.029440888595851034,0.4232340892282094,-0.040855186304021324
2026-06-22,734.0,738.5,724.6500244140625,728.0999755859375,980853,0.0,0.0,0.0010999419859696324,0.41546988224229914,-0.040855186304021324
2026-06-23,727.0,727.7000122070312,710.2000122070312,716.9000244140625,791411,0.0,0.0,-0.015382435856919008,0.4225245261824344,-0.040855186304021324
2026-06-24,714.5499877929688,728.25,699.0,704.5,598729,0.0,0.0,-0.017296727565600634,0.43001884669741114,-0.040855186304021324
2026-06-25,705.2000122070312,709.3499755859375,688.0499877929688,693.0999755859375,511035,0.0,0.0,-0.016181723795688385,0.43618902553568756,-0.040855186304021324
2026-06-26,693.0999755859375,693.0999755859375,693.0999755859375,693.0999755859375,0,0.0,0.0,0.0,0.43618902553568756,-0.040855186304021324
2026-06-29,693.0999755859375,703.7999877929688,680.0,684.5,495243,0.0,0.0,-0.012407987143077337,0.42271043745337417,-0.040855186304021324
2026-06-30,686.0,702.9500122070312,681.0,697.75,707344,0.0,0.0,0.01935719503287081,0.40581491533808084,-0.040855186304021324
2026-07-01,699.9500122070312,719.8499755859375,699.9000244140625,702.7000122070312,971229,0.0,0.0,0.007094248953108284,0.405780030790122,-0.040855186304021324
2026-07-02,707.75,716.0,702.5,712.2999877929688,592236,0.0,0.0,0.013661556025573507,0.3930530879285546,-0.040855186304021324
2026-07-03,713.5,718.0,692.25,703.5499877929688,815382,0.0,0.0,-0.012284150147343853,0.37860392725981973,-0.040855186304021324
2026-07-06,702.5,703.2999877929688,688.0499877929688,692.4500122070312,375031,0.0,0.0,-0.015777095840422195,0.3766793466492235,-0.040855186304021324
2026-07-07,690.9000244140625,693.0999755859375,668.7000122070312,672.3499755859375,415839,0.0,0.0,-0.029027418971413255,0.36333473407570077,-0.040855186304021324
2026-07-08,665.0,691.5,656.3499755859375,661.3499755859375,730454,0.0,0.0,-0.01636052710556546,0.344372026973694,-0.040855186304021324
2026-07-09,665.0,675.6500244140625,665.0,670.0,236736,0.0,0.0,0.013079344875455368,0.34384440829643514,-0.040855186304021324
2026-07-10,675.0,696.0,673.2999877929688,684.7000122070312,638834,0.0,0.0,0.021940316726912323,0.32877447308015983,-0.040855186304021324
2026-07-13,679.0,707.5,673.0,696.5499877929688,787720,0.0,0.0,0.017306813750069594,0.2609733991959944,-0.040855186304021324
2026-07-14,692.0499877929688,692.0499877929688,679.5499877929688,684.0999755859375,296208,0.0,0.0,-0.01787382445656105,0.2690449692799706,-0.040855186304021324
2026-07-15,683.9500122070312,694.3499755859375,678.2999877929688,681.2000122070312,324875,0.0,0.0,-0.004239092943136624,0.26937982347817235,-0.040855186304021324
2026-07-16,682.5,685.5499877929688,676.5999755859375,679.0999755859375,228453,0.0,0.0,-0.003082848771963187,0.26589735310395074,-0.040855186304021324
2026-07-17,674.0,678.25,667.0,670.3499755859375,186948,0.0,0.0,-0.01288470080189652,0.25812732408308725,-0.040855186304021324
2026-07-20,665.4500122070312,672.9000244140625,661.5,670.7999877929688,173682,0.0,0.0,0.000671309350966931,0.2312955480621896,-0.040855186304021324
2026-07-21,668.0499877929688,673.3499755859375,663.0,666.8499755859375,164749,0.0,0.0,-0.005888509658486085,0.23071829980062267,-0.040855186304021324
2026-07-22,667.5999755859375,681.9000244140625,667.0999755859375,672.6500244140625,689848,0.0,0.0,0.008697681698239146,0.23092775594935774,-0.040855186304021324
2026-07-23,669.0,671.8499755859375,656.9500122070312,659.0999755859375,184231,0.0,0.0,-0.02014427761290616,0.23335804689609088,-0.040855186304021324
2026-07-24,652.0,658.0,642.9000244140625,656.0499877929688,225514,0.0,0.0,-0.0046275040296539505,0.2285575071957604,-0.040855186304021324
2026-07-27,659.0,672.0,659.0,665.0,185743,0.0,0.0,0.013642271737768219,0.2352362110828364,-0.040855186304021324
2026-07-28,662.0,675.5,657.2999877929688,659.0499877929688,132304,0.0,0.0,-0.008947386777490629,0.23358143440782533,-0.040855186304021324
2026-07-29,662.0,679.7000122070312,660.0999755859375,676.0,238674,0.0,0.0,0.025718856719493477,0.2417055928013786,-0.040855186304021324
2026-07-30,676.1500244140625,689.0,665.0999755859375,678.4500122070312,693626,0.0,0.0,0.0036242784127680228,0.24046544387317992,-0.040855186304021324
2026-07-31,674.0,676.0,651.0,658.3499755859375,538984,0.0,0.0,-0.029626407634229857,0.25239543147594895,-0.040855186304021324
