date,open,high,low,close,volume,dividend,daily_return,rolling_volatility_ann,var_95_threshold,qlib_momentum_5d,qlib_mean_reversion_20d,qlib_vol_normalized_return,target_forward_return_5d
2025-02-25,4540.0,4558.89990234375,4415.0,4427.4501953125,547833,0.0,-0.023930732955798062,0.2772206104877758,-0.03284321337243854,-0.018498320028921156,0.9887175048067708,-0.08632378397282067,0.061129971067838795
2025-02-27,4443.5,4499.0,4418.0,4443.39990234375,591554,0.0,0.0036024588256546863,0.27727952877666073,-0.03284321337243854,-0.009789800818300276,0.987595107649018,0.012992155286857805,0.07179187266753506
2025-02-28,4469.89990234375,4525.0,4403.2998046875,4477.2998046875,2126278,0.0,0.007629271073681387,0.2706983405605465,-0.03284321337243854,0.005393963254306966,0.9818255828283081,0.02818366295133729,0.0402586397746445
2025-03-03,4478.9501953125,4492.5498046875,4267.5498046875,4464.7001953125,802730,0.0,-0.002814108932756465,0.261270044648714,-0.03284321337243854,0.010314198641119932,0.984286136277785,-0.010770882015316011,0.036474926031086374
2025-03-04,4434.64990234375,4611.0,4417.64990234375,4598.7001953125,825683,0.0,0.03001321346071273,0.24678869625778863,-0.03284321337243854,-0.013634329843117632,0.9578342396342038,0.1216150200542879,0.011470632517807555
2025-03-05,4620.0,4722.10009765625,4608.10009765625,4698.10009765625,1344602,0.0,0.021614782030163537,0.24128616442869413,-0.03284321337243854,-0.0576083728992427,0.9413246648802204,0.0895815190461782,0.006619717973179284
2025-03-06,4750.64990234375,4782.4501953125,4659.0498046875,4762.39990234375,1390376,0.0,0.01368634200015828,0.23794493494243632,-0.03284321337243854,-0.06698303513802117,0.9322584392409003,0.05751894415520902,-0.012924115141445647
2025-03-07,4796.0,4815.64990234375,4645.9501953125,4657.5498046875,843155,0.0,-0.022016231271265063,0.2507471125323837,-0.03284321337243854,-0.038700606017909034,0.9560654576082054,-0.08780252809649568,0.026387348665882104
2025-03-10,4666.0,4706.7001953125,4605.0,4627.5498046875,534997,0.0,-0.006441154954436978,0.25147968209167726,-0.03284321337243854,-0.03519132505284772,0.9651052228174036,-0.025613022271750066,0.033041327933438724
2025-03-11,4602.2998046875,4675.0,4567.7998046875,4651.4501953125,812720,0.0,0.005164804623126962,0.24921476515944346,-0.03284321337243854,-0.011340549244869713,0.9636537664139943,0.020724311469183982,0.07075204410586844
2025-03-12,4669.9501953125,4743.14990234375,4639.7001953125,4729.2001953125,1122703,0.0,0.01671521713343349,0.2493151237038899,-0.03284321337243854,-0.006576185479962526,0.9521705190966777,0.06704453470235808,0.07560470902498428
2025-03-13,4740.0,4744.5498046875,4670.85009765625,4700.85009765625,553796,0.0,-0.005994691805254915,0.2510065784608925,-0.03284321337243854,0.013093334909400234,0.9617776393294889,-0.023882607392948584,0.07300800916888672
2025-03-17,4710.0,4794.9501953125,4710.0,4780.4501953125,1030205,0.0,0.016933128264595698,0.2548699587311751,-0.03284321337243854,-0.02570895744202306,0.9501097865431329,0.06643830322142022,0.03972427168678738
2025-03-18,4780.4501953125,4780.4501953125,4780.4501953125,4780.4501953125,0,0.0,0.0,0.2553250947728115,-0.03284321337243854,-0.03198451701785898,0.9559371706582452,0.0,0.04732817846776238
2025-03-19,4811.0,5052.75,4790.0,4980.5498046875,2103310,0.0,0.04185790065781014,0.24969595035480327,-0.03284321337243854,-0.06607696384549033,0.9243331971263998,0.16763547395133077,0.008954854264136447
2025-03-20,5040.0,5190.35009765625,5005.4501953125,5086.75,1825431,0.0,0.021322986312183545,0.25118060218198757,-0.03284321337243854,-0.07029042211382508,0.9123207419628815,0.08489105161004397,0.008069947350960893
2025-03-21,5072.0,5114.7998046875,5018.5498046875,5044.0498046875,897795,0.0,-0.008394396286921957,0.25746310555960705,-0.03284321337243854,-0.06804050719568833,0.926429200789064,-0.03260426748381561,0.014135525169178598
2025-03-24,5055.2998046875,5077.4501953125,4956.2998046875,4970.35009765625,766222,0.0,-0.014611217153875034,0.2674282158068538,-0.03284321337243854,-0.03820654453160077,0.9448831434688338,-0.05463603219066254,0.011598760894314886
2025-03-25,5011.0,5032.14990234375,4958.0498046875,5006.7001953125,818364,0.0,0.007313387777933444,0.26018693212769134,-0.03284321337243854,-0.045189444379319044,0.9429758823186352,0.02810820450145523,0.01229348718445844
2025-03-26,5020.0,5075.0,4975.0,5025.14990234375,736014,0.0,0.0036850033578050834,0.26000116116865774,-0.03284321337243854,-0.00887537656049786,0.9443807889359643,0.014173025995389433,-0.004288390417457766
2025-03-27,4975.0,5149.0,4975.0,5127.7998046875,940051,0.0,0.02042723189130613,0.2652496080651121,-0.03284321337243854,-0.00800534464118019,0.9323048269933328,0.07701135270359469,-0.005635926409867209
2025-03-28,5149.89990234375,5176.7998046875,5051.7998046875,5115.35009765625,951945,0.0,-0.00242788476645861,0.24432215488912234,-0.03284321337243854,-0.01393849719131024,0.9411418432019054,-0.009937226806910567,-0.024758794593898514
2025-04-01,5100.0,5132.9501953125,4991.64990234375,5028.0,793792,0.0,-0.017076074166706978,0.2580728446412021,-0.03284321337243854,-0.011465772144739428,0.9629683829150506,-0.06616764940445903,0.025666230049224303
2025-04-02,5028.0,5082.75,5000.0,5068.25,418272,0.0,0.008005171042163806,0.258105515824846,-0.03284321337243854,-0.012144192707048806,0.9612750988075272,0.031015109097649568,0.024761998717506062
2025-04-03,4999.5,5085.0,4966.89990234375,5003.60009765625,950156,0.0,-0.012755862939624163,0.2646209187789948,-0.03284321337243854,0.004306859914243288,0.9777415099460124,-0.048204286027117536,0.029478774706453992
2025-04-04,5055.9501953125,5150.0,5045.0,5098.89990234375,1413600,0.0,0.019046247267470395,0.25438728674061334,-0.03284321337243854,0.005667870108700512,0.9633975169084706,0.07487106279088673,0.030810586727548328
2025-04-07,4750.0,5016.14990234375,4634.60009765625,4988.7001953125,1786910,0.0,-0.021612447614552277,0.2628531997747727,-0.03284321337243854,0.025387354899128578,0.9869469654956543,-0.08222249837873782,0.0512758423382218
2025-04-08,5108.0,5201.0,5026.2998046875,5157.0498046875,1232399,0.0,0.03374618693927234,0.28165006462899106,-0.03284321337243854,-0.025023959351759606,0.9595714036023579,0.11981600567202103,0.04051738944281191
2025-04-09,5145.5,5265.0,5145.5,5193.75,1128920,0.0,0.007116509768655188,0.26542526090190016,-0.03284321337243854,-0.024163658243080643,0.9582416422232249,0.026811726496402125,0.05829121540312876
2025-04-11,5214.89990234375,5234.35009765625,5115.0,5151.10009765625,1131912,0.0,-0.00821177421780983,0.26648378158640257,-0.03284321337243854,-0.028634660015073754,0.9710255925117633,-0.030815285871325915,0.0743336171079203
2025-04-15,5320.0,5347.0,5201.0,5256.0,1567359,0.0,0.02036456297781508,0.27157572691013526,-0.03284321337243854,-0.029889668503852773,0.956657156516065,0.07498668036222153,0.057553272450532766
2025-04-16,5260.0,5285.0,5200.5,5244.5,1012248,0.0,-0.0021879756468797806,0.27004544703629135,-0.03284321337243854,-0.04877486980408041,0.9639379368415721,-0.0081022494171629,0.05262656115930975
2025-04-17,5244.0,5400.0,5178.5,5366.0,1172355,0.0,0.023167127466870108,0.27385329605723635,-0.03284321337243854,-0.038939656226705144,0.947568020872158,0.08459685150570391,-0.009783824077525205
2025-04-21,5394.0,5517.5,5351.0,5496.5,844886,0.0,0.024319791278419656,0.2785668079202957,-0.03284321337243854,-0.05508050577640311,0.9315841881623532,0.0873032598066942,-0.028290730464841207
2025-04-22,5502.0,5649.0,5451.0,5534.0,1045582,0.0,0.00682252342399714,0.2774644299814926,-0.03284321337243854,-0.0691904413342519,0.9302719551861222,0.024588820911437208,-0.04878930249367541
2025-04-23,5540.0,5570.0,5485.0,5558.5,1454342,0.0,0.004427177448500075,0.247083748361197,-0.03284321337243854,-0.05442115678690296,0.93041512998111,0.017917719391447203,-0.05559053701538186
2025-04-24,5560.0,5575.0,5470.5,5520.5,852761,0.0,-0.006836376720338211,0.24338384182647024,-0.03284321337243854,-0.04999547142468974,0.9411348627417127,-0.028088867314058557,-0.03604745946925092
2025-04-25,5480.5,5522.0,5193.0,5313.5,1913262,0.0,-0.03749660356851736,0.2801787300873895,-0.03284321337243854,0.009880493083654907,0.9810280426993154,-0.13383100929364566,0.041027571280700004
2025-04-28,5254.0,5379.0,5220.0,5341.0,1162878,0.0,0.005175496377152644,0.2731327697479417,-0.03284321337243854,0.02911439805279903,0.9791064398272211,0.018948646083157092,-0.003557386257255213
2025-04-29,5380.0,5446.5,5215.5,5264.0,761297,0.0,-0.014416775884665833,0.2796767964257588,-0.03284321337243854,0.05129179331306988,0.9956971884498481,-0.05154798522233847,0.006174012158054687
2025-04-30,5262.0,5320.5,5206.5,5249.5,881119,0.0,-0.00275455927051671,0.2802328753299045,-0.03284321337243854,0.05886274883322229,0.9996066310630775,-0.00982953612768859,-0.019716163444137513
2025-05-02,5230.0,5386.5,5218.0,5321.5,560286,0.0,0.01371559196113914,0.2756689201628999,-0.03284321337243854,0.037395471201728814,0.9880188865701048,0.04975385493401176,-0.041435685427041236
2025-05-05,5420.0,5592.0,5412.5,5531.5,1049781,0.0,0.03946255754956307,0.30409014209433394,-0.03284321337243854,-0.03941064810630024,0.9550605631172038,0.12977256013644636,-0.009943053421314296
2025-05-06,5555.5,5569.5,5299.0,5322.0,872819,0.0,-0.03787399439573358,0.3296334073480657,-0.03284321337243854,0.0035700864336716265,0.9950403992639634,-0.11489731441803963,0.037391957910559936
2025-05-07,5206.0,5361.5,5157.0,5296.5,1565403,0.0,-0.004791431792559142,0.3301240467676044,-0.03284321337243854,-0.006136127631454769,1.002596053997923,-0.014514034025494059,0.02926460870386105
2025-05-08,5310.0,5368.0,5075.0,5146.0,1756653,0.0,-0.02841499103181344,0.34331901689918415,-0.03284321337243854,0.020112708900116516,1.032375632507348,-0.08276555857813707,0.08608628060629608
2025-05-09,4972.0,5123.5,4891.5,5101.0,2112896,0.0,-0.00874465604352892,0.33895431894754235,-0.03284321337243854,0.043226818270927225,1.0425838061394213,-0.025798921260811722,0.09047245638110168
2025-05-12,5421.5,5597.0,5413.0,5476.5,2240163,0.0,0.0736130170554794,0.41385154491178033,-0.03284321337243854,0.01004291061809548,0.9740148826591459,0.17787299861944775,0.01789464073769742
2025-05-13,5501.0,5545.0,5468.0,5521.0,1117587,0.0,0.008125627681913716,0.4005532340591887,-0.03284321337243854,-0.03604419489222965,0.9691278762693013,0.020286011416532215,-0.014309001992392711
2025-05-14,5525.0,5535.0,5420.0,5451.5,933189,0.0,-0.012588299221155563,0.40414352190855507,-0.03284321337243854,-0.02843254150233876,0.9842382830413647,-0.031148090287892814,0.0018343575162800274
2025-05-15,5421.0,5595.0,5410.0,5589.0,701995,0.0,0.02522241584884899,0.4094211558087206,-0.03284321337243854,-0.07926283771694398,0.9630032206119163,0.061605060888895925,-0.015387368044372907
2025-05-16,5599.0,5633.0,5544.5,5562.5,433634,0.0,-0.004741456432277635,0.40615993004722345,-0.03284321337243854,-0.08296629213483142,0.9704494382022472,-0.011673865304703254,-0.0074606741573033375
2025-05-19,5560.0,5665.5,5544.0,5574.5,953693,0.0,0.0021573033707864564,0.40573798526950816,-0.03284321337243854,-0.017580052022602932,0.9702305139474393,0.0053169863210702885,-0.027715490178491398
2025-05-20,5591.0,5608.0,5432.0,5442.0,666863,0.0,-0.023768947887702896,0.40922125821229266,-0.03284321337243854,0.01451672179345831,0.9933526277104006,-0.05808336402342662,-0.02361264241087835
2025-05-21,5461.0,5482.5,5390.0,5461.5,597496,0.0,0.0035832414553473857,0.40053271720612443,-0.03284321337243854,-0.0018309988098508256,0.9891421770575849,0.008946188942766112,-0.02398608440904515
2025-05-22,5465.0,5565.0,5329.5,5503.0,2271953,0.0,0.007598645060880704,0.4007084193511215,-0.03284321337243854,0.01562783936034884,0.9811784481192077,0.018963027738611353,-0.03289115028166456
2025-05-23,5520.0,5545.0,5435.5,5521.0,544144,0.0,0.003270943121933545,0.40056858431237785,-0.03284321337243854,0.007516754211193577,0.9779840608585401,0.008165750306881886,-0.034595182032240546
2025-05-26,5530.0,5562.0,5410.5,5420.0,556606,0.0,-0.018293787357362756,0.40496590410885974,-0.03284321337243854,0.028505535055350473,0.997190959409594,-0.04517364726268089,-0.016051660516605115
2025-05-27,5270.0,5328.0,5230.5,5313.5,28753330,0.0,-0.019649446494464984,0.38885955869551675,-0.03284321337243854,0.024183683071421935,1.0169191681565821,-0.050530957899227666,0.013173990778206468
2025-05-28,5336.0,5355.0,5294.0,5330.5,1090832,0.0,0.003199397760421663,0.38860628789193435,-0.03284321337243854,0.024575555763999724,1.0142997842603885,0.008233005429344246,0.016039771128411928
2025-05-29,5330.5,5344.0,5271.5,5322.0,1713578,0.0,-0.001594597129725206,0.3850574575723636,-0.03284321337243854,0.03400977076287104,1.0166009019165727,-0.0041411925855600615,0.030063885757234177
2025-05-30,5306.0,5393.5,5306.0,5330.0,1743945,0.0,0.001503194287861609,0.3848450907772413,-0.03284321337243854,0.03583489681050667,1.01515478424015,0.0039059722595551453,0.02823639774859288
2025-06-02,5350.0,5370.0,5280.0,5333.0,1172879,0.0,0.0005628517823639267,0.38205621996293304,-0.03284321337243854,0.016313519594974624,1.0127226701668854,0.0014732171293700262,0.06787924245265331
2025-06-03,5359.0,5458.5,5344.5,5383.5,1239471,0.0,0.00946934183386472,0.35667522142658514,-0.03284321337243854,-0.013002693415064548,1.0037940001857528,0.026548919015179234,0.04002972044209163
2025-06-04,5383.5,5428.0,5361.5,5416.0,932116,0.0,0.006036964799851496,0.3310785847242657,-0.03284321337243854,-0.015786558345642576,0.9988737075332348,0.018234234698499007,0.03969719350073864
2025-06-05,5464.0,5506.0,5421.5,5482.0,1119642,0.0,0.012186115214180226,0.33253377813182894,-0.03284321337243854,-0.02918642831083551,0.9899124407150675,0.03664624663448994,-0.0010032834731850127
2025-06-06,5480.0,5492.0,5445.0,5480.5,447731,0.0,-0.00027362276541409436,0.31404316895239504,-0.03284321337243854,-0.027460998084116395,0.9936456527689079,-0.0008712902675576727,-0.03986862512544476
2025-06-09,5510.0,5709.0,5510.0,5695.0,1386071,0.0,0.039138764711248886,0.33427911787957426,-0.03284321337243854,-0.06356453028972786,0.9581387181738368,0.11708408167604417,-0.0548726953467954
2025-06-10,5705.0,5729.0,5571.0,5599.0,1124088,0.0,-0.01685689201053553,0.2336507955116216,-0.03284321337243854,-0.038489015895695644,0.9752634398999821,-0.0721456618718872,-0.05152705840328631
2025-06-11,5606.5,5652.5,5581.0,5631.0,1217882,0.0,0.0057153063046972985,0.23289291137166784,-0.03284321337243854,-0.038181495293908685,0.9713150417332623,0.024540489556470407,-0.06357662937311315
2025-06-12,5598.0,5626.0,5418.0,5476.5,1444586,0.0,-0.027437400106553045,0.24896866902256204,-0.03284321337243854,0.001004291061809548,0.9976901305578381,-0.11020422413883882,-0.03752396603670227
2025-06-13,5200.0,5318.0,5176.0,5262.0,3340182,0.0,-0.03916735141057248,0.2671226626269217,-0.03284321337243854,0.04152413530976817,1.0355045610034208,-0.14662683262860196,0.024325351577346943
2025-06-16,5280.0,5404.5,5244.0,5382.5,1208296,0.0,0.022900038008361934,0.28128824109808676,-0.03284321337243854,0.0580585229911752,1.010538783093358,0.08141128511043487,0.015699024616813828
2025-06-17,5380.0,5388.5,5281.0,5310.5,821905,0.0,-0.013376683697166714,0.2839370322991423,-0.03284321337243854,0.054326334620092176,1.0230016006025797,-0.04711144269465795,0.05573863101402887
2025-06-18,5308.0,5334.5,5258.5,5273.0,603006,0.0,-0.007061481969682704,0.2736234811847329,-0.03284321337243854,0.0678930400151716,1.028489474682344,-0.0258072943193143,0.06941020292053857
2025-06-19,5281.5,5328.0,5233.0,5271.0,621641,0.0,-0.0003792907263416856,0.27306534455443826,-0.03284321337243854,0.03898690950483785,1.0266789982925442,-0.0013890107991201435,0.07977613356099411
2025-06-20,5255.5,5408.0,5241.5,5390.0,1218340,0.0,0.02257636122177953,0.28409325843874644,-0.03284321337243854,-0.023747680890538025,1.0027968460111316,0.07946813152542977,0.07903525046382187
2025-06-23,5319.0,5484.5,5315.0,5467.0,922620,0.0,0.014285714285714235,0.2886252384270413,-0.03284321337243854,-0.015456374611304224,0.9891027986098408,0.04949571932313253,0.09319553685750859
2025-06-24,5631.5,5700.5,5570.0,5606.5,1450372,0.0,0.02551673678434252,0.29407934283669573,-0.03284321337243854,-0.052795861945955536,0.9671051458128958,0.08676820231752937,0.06394363685008475
2025-06-25,5674.5,5690.0,5563.0,5639.0,962393,0.0,0.005796842950147152,0.2837496989138316,-0.03284321337243854,-0.06490512502216705,0.9642667139563752,0.020429423425091593,0.05621564107111188
2025-06-26,5692.0,5722.0,5642.5,5691.5,1374904,0.0,0.00931016137613061,0.2845954999826878,-0.03284321337243854,-0.07388210489326186,0.9586181147324959,0.032713662196205966,0.013089695159448356
2025-06-27,5690.0,5843.5,5675.0,5816.0,2751255,0.0,0.02187472546780289,0.29107070359520243,-0.03284321337243854,-0.07324621733149927,0.9422756189821182,0.0751526156569104,-0.010832187070151322
2025-06-30,5840.0,5997.0,5820.0,5976.5,2392470,0.0,0.027596286107290258,0.30164558267477626,-0.03284321337243854,-0.08525056471178782,0.9223542206977328,0.091485792524221,-0.03823307956161637
2025-07-01,5962.5,6018.0,5928.0,5965.0,1289620,0.0,-0.0019242031289216088,0.3022952328744872,-0.03284321337243854,-0.0601005867560771,0.9290067057837385,-0.006365310650027454,-0.027326068734283337
2025-07-02,5901.0,5991.5,5886.5,5956.0,1388532,0.0,-0.001508801341156718,0.30287975470335515,-0.03284321337243854,-0.05322364002686364,0.9349437541974479,-0.004981519127348967,-0.01746138347884485
2025-07-03,5956.0,5967.5,5750.0,5766.0,1144838,0.0,-0.031900604432505086,0.32865412752578677,-0.03284321337243854,-0.012920568851890413,0.9682145334720778,-0.09706436277560057,0.012833853624696578
2025-07-04,5789.5,5825.0,5737.5,5753.0,345735,0.0,-0.002254595907041246,0.32747910570704736,-0.03284321337243854,0.010950808273944013,0.9727707283156615,-0.006884701340949441,0.02859377715974265
2025-07-07,5756.5,5792.0,5731.0,5748.0,385469,0.0,-0.0008691117677733784,0.32754922052607904,-0.03284321337243854,0.03975295755045227,0.9740779401530967,-0.0026533775285549964,0.03348990953375086
2025-07-08,5749.5,5808.0,5739.5,5802.0,512178,0.0,0.009394572025052117,0.30070520426515596,-0.03284321337243854,0.028093760772147425,0.9667614615649776,0.031241799541155173,0.02214753533264391
2025-07-09,5815.0,5864.0,5791.0,5852.0,1655274,0.0,0.008617718028266053,0.2944657279133403,-0.03284321337243854,0.017771701982228327,0.9603896103896103,0.029265605191739492,0.01674641148325362
2025-07-10,5925.0,5936.0,5831.5,5840.0,716153,0.0,-0.002050580997949414,0.2945502518902763,-0.03284321337243854,-0.012671232876712346,0.9654751712328767,-0.0069617354430099995,-0.007448630136986267
2025-07-11,5866.0,5939.0,5839.0,5917.5,1332425,0.0,0.013270547945205546,0.2766732741555221,-0.03284321337243854,-0.027798901563160117,0.9583692437684832,0.0479646886966722,-0.00954795099281791
2025-07-14,5917.0,5960.0,5887.5,5940.5,979832,0.0,0.0038867765103507423,0.22832040026998116,-0.03284321337243854,-0.032404679740762554,0.9593552731251579,0.01702334235364574,-0.010520999915831997
2025-07-15,5950.0,5964.5,5907.5,5930.5,787926,0.0,-0.0016833599865331283,0.22100884289853429,-0.03284321337243854,-0.021667650282438222,0.9662001517578619,-0.007616708400843848,0.0029508473147288328
2025-07-16,5919.5,5958.5,5865.5,5950.0,842097,0.0,0.0032880870078408897,0.21113452234493044,-0.03284321337243854,-0.016470588235294126,0.9687226890756302,0.015573421227320326,-0.008907563025210119
2025-07-17,5931.0,5958.0,5770.0,5796.5,1351389,0.0,-0.025798319327731134,0.2339403787218601,-0.03284321337243854,0.007504528594841631,0.9989088242905202,-0.11027732093924003,0.008194600189769696
2025-07-18,5818.0,5869.0,5790.0,5861.0,789730,0.0,0.011127404468213475,0.23423696748745745,-0.03284321337243854,0.009639993175226014,0.9919339703122335,0.047504901179871606,-0.009895922197577178
2025-07-21,5900.0,5910.0,5820.0,5878.0,491974,0.0,0.002900528919979495,0.22556947457140558,-0.03284321337243854,0.01063286832255872,0.9925612453215379,0.012858693743485115,-0.0197346036066689
2025-07-22,5900.0,5959.5,5871.0,5948.0,514262,0.0,0.011908812521265633,0.2243818176458676,-0.03284321337243854,-0.0029421654337592473,0.9837508406186954,0.05307387254221323,-0.0322797579018157
2025-07-23,5925.0,5957.0,5815.0,5897.0,585120,0.0,-0.008574310692669784,0.21426839252458244,-0.03284321337243854,0.008987620824147946,0.9944463286416823,-0.040016682775642,-0.026623706969645555
2025-07-24,5840.0,5933.0,5825.5,5844.0,343255,0.0,-0.008987620824147835,0.21749479691180698,-0.03284321337243854,-0.008127994524298465,1.0047698494182067,-0.041323381241889924,0.011379192334017851
2025-07-25,5815.0,5857.0,5760.5,5803.0,877612,0.0,-0.007015742642025979,0.21773650628933616,-0.03284321337243854,0.009994830260210197,1.0117568499052214,-0.03222124961668445,-0.002498707565052549
2025-07-28,5771.0,5870.5,5745.0,5762.0,506105,0.0,-0.007065311046010714,0.20553867012361962,-0.03284321337243854,0.02013189864630327,1.017094758764318,-0.03437460550861443,0.003210690732384558
2025-07-29,5725.5,5795.0,5703.0,5756.0,634249,0.0,-0.0010413051023949738,0.17863240176841294,-0.03284321337243854,0.03335649756775538,1.0163394718554553,-0.005829317826962827,0.004430159833217484
2025-07-30,5800.0,5805.5,5698.0,5740.0,1217558,0.0,-0.002779708130646319,0.17866884542434253,-0.03284321337243854,0.027351916376306518,1.0172909407665505,-0.015557877303486666,0.026742160278745652
2025-07-31,5625.0,5930.5,5606.5,5910.5,2572409,0.0,0.029703832752613346,0.20932614001976077,-0.03284321337243854,-0.011251163184163748,0.9891675831147958,0.14190215961937508,-0.008713306826833578
2025-08-01,5870.0,5913.5,5780.5,5788.5,523408,0.0,-0.0206412317062854,0.19070232319788127,-0.03284321337243854,0.0025049667444070334,1.0103221905502289,-0.10823796101575295,-0.003282370216809216
2025-08-04,5800.0,5817.0,5742.0,5780.5,545636,0.0,-0.0013820506176038805,0.1905816085254035,-0.03284321337243854,-0.0032004151889974963,1.0120015569587406,-0.007251751917615604,0.016953550730905542
2025-08-05,5765.5,5802.0,5706.0,5781.5,929923,0.0,0.0001729954156215463,0.19053554053790833,-0.03284321337243854,-0.004410620081293781,1.0116492259794172,0.0009079429803685255,0.025252962034074233
2025-08-06,5800.0,5916.0,5781.5,5893.5,980678,0.0,0.019372135259015932,0.19943346824350397,-0.03284321337243854,-0.026045643505556937,0.9927759395944685,0.09713582408347195,0.012895562908288749
2025-08-07,5893.5,5907.0,5793.5,5859.0,483125,0.0,-0.005853906846525869,0.19860335962294454,-0.03284321337243854,0.008789895886670118,0.998783922171019,-0.029475365184587335,0.024492234169653626
2025-08-08,5848.5,5865.0,5761.0,5769.5,345649,0.0,-0.015275644307902403,0.20559495841814374,-0.03284321337243854,0.0032931796516162404,1.0129950602305227,-0.07429969918735778,0.05667735505676408
2025-08-11,5742.0,5905.0,5734.5,5878.5,799984,0.0,0.018892451685587952,0.21118531499023485,-0.03284321337243854,-0.016670919452241195,0.9936846134217913,0.08945911221085809,0.030109721867823458
2025-08-12,5825.0,5962.5,5824.0,5927.5,883247,0.0,0.008335459726120709,0.21283403872797024,-0.03284321337243854,-0.0246309574019401,0.985444959932518,0.039164127055509416,0.03846478279207077
2025-08-13,5886.0,5993.0,5886.0,5969.5,510227,10.0,0.007085617882749862,0.21413373685104192,-0.03284321337243854,-0.012731384538068546,0.9786749308987353,0.03308968337288208,0.021693609179998408
2025-08-14,5978.0,6055.0,5955.5,6002.5,767646,0.0,0.005528101181003331,0.2146545405584998,-0.03284321337243854,-0.023906705539358586,0.9750104123281966,0.025753477699960326,0.013994169096209985
2025-08-18,6009.0,6232.5,6009.0,6096.5,1148778,0.0,0.01566014160766338,0.19804389538616807,-0.03284321337243854,-0.05363733289592387,0.9619084720741409,0.07907409004648486,0.003198556548839493
2025-08-19,6060.0,6129.0,6021.0,6055.5,499624,0.0,-0.006725170179611273,0.19787728700044438,-0.03284321337243854,-0.02922962595987122,0.969886879696144,-0.03398656784560874,-0.0009082652134423386
2025-08-20,6050.0,6173.5,6026.5,6155.5,501673,0.0,0.0165139129716787,0.20448806913276263,-0.03284321337243854,-0.037040045487775175,0.9558159369669401,0.0807573382356296,-0.06961254162943709
2025-08-21,6100.0,6125.0,6010.0,6099.0,689343,0.0,-0.009178783202014484,0.2050208771214397,-0.03284321337243854,-0.021232989014592585,0.9663264469585178,-0.044769990662354466,-0.07427447122479092
2025-08-22,6099.0,6145.0,6072.5,6086.5,596200,0.0,-0.0020495163141498463,0.2022997973998222,-0.03284321337243854,-0.013801035077630863,0.9703031298775979,-0.010131083862572415,-0.06843013225991945
2025-08-25,6149.5,6149.5,6028.5,6116.0,478863,0.0,0.0048467920808346054,0.198837289885788,-0.03284321337243854,-0.0031883584041857427,0.9681818181818181,0.02437566836613955,-0.07365925441465004
2025-08-26,6100.0,6101.5,6017.0,6050.0,920406,0.0,-0.010791366906474864,0.2014652875126271,-0.03284321337243854,0.0009090909090909705,0.9811239669421488,-0.05356439565378996,-0.05123966942148761
2025-08-28,5875.0,5875.0,5709.5,5727.0,18614885,0.0,-0.05338842975206615,0.27747856028583395,-0.03284321337243854,0.07482102322332818,1.0362056923345557,-0.19240559621260156,-0.00558756766195212
2025-08-29,5715.0,5739.0,5610.0,5646.0,1628751,0.0,-0.014143530644316393,0.28169324673583934,-0.03284321337243854,0.08023379383634421,1.0502391073326247,-0.05020897840511543,0.004250797024442088
2025-09-01,5629.5,5710.0,5582.0,5670.0,1708748,0.0,0.004250797024442088,0.2821126646512209,-0.03284321337243854,0.07345679012345685,1.0436728395061727,0.015067727920049661,0.004673721340388015
2025-09-02,5679.0,5690.0,5646.5,5665.5,579446,0.0,-0.0007936507936507908,0.259977676337692,-0.03284321337243854,0.07951637101756237,1.043416291589445,-0.0030527650462274544,-0.004942193981113729
2025-09-03,5660.5,5747.5,5660.5,5740.0,801254,0.0,0.013149766128320639,0.25557386727552206,-0.03284321337243854,0.05400696864111487,1.029520905923345,0.05145191781139862,-0.02108013937282227
2025-09-04,5780.0,5794.0,5686.0,5695.0,658347,0.0,-0.007839721254355392,0.2569018926459446,-0.03284321337243854,0.005618964003511806,1.0368964003511854,-0.030516400126315485,-0.00491659350307283
2025-09-05,5705.0,5710.0,5637.0,5670.0,820854,0.0,-0.004389815627743654,0.25721887484990136,-0.03284321337243854,-0.004232804232804255,1.0394973544973545,-0.01706645929324088,0.010141093474426821
2025-09-08,5681.0,5739.5,5660.0,5696.5,603400,0.0,0.004673721340388015,0.24755284283039472,-0.03284321337243854,-0.0046519792855261866,1.0332353199332924,0.0188796908900505,0.005617484420258112
2025-09-09,5670.0,5706.5,5608.0,5637.5,549536,0.0,-0.010357236899850797,0.24903796342150047,-0.03284321337243854,0.004966740576496598,1.0428780487804878,-0.0415889864407185,0.015964523281596366
2025-09-10,5665.0,5679.0,5602.5,5619.0,740160,0.0,-0.0032815964523281727,0.24422779662845787,-0.03284321337243854,0.021534080797294797,1.0440024915465385,-0.013436620905826844,0.022690870261612428
2025-09-11,5560.0,5683.0,5540.5,5667.0,675142,0.0,0.008542445274960064,0.23602341030630863,-0.03284321337243854,0.004940885830245323,1.0328613022763367,0.036193210249532745,0.00855832009881774
2025-09-12,5699.0,5778.5,5668.5,5727.5,918969,0.0,0.010675842597494212,0.23740442519957755,-0.03284321337243854,-0.010039284155390682,1.0198384984722828,0.04496901074539491,-0.008467917939764313
2025-09-15,5758.0,5760.5,5718.5,5728.5,359796,0.0,0.0001745962461807693,0.23544534910626547,-0.03284321337243854,-0.005586104564894834,1.0172689185650694,0.0007415573908253055,0.0033167495854062867
2025-09-16,5691.0,5745.5,5691.0,5727.5,651834,0.0,-0.00017456576765295662,0.2340170368024458,-0.03284321337243854,-0.015713662156263686,1.014225229157573,-0.0007459532116919791,0.0007856831078132398
2025-09-17,5749.0,5759.5,5720.0,5746.5,429255,0.0,0.0033173286774335065,0.22596512518009826,-0.03284321337243854,-0.02218741842860872,1.008183241973375,0.014680710255542458,-0.010528147568084956
2025-09-18,5740.0,5763.5,5705.5,5715.5,460346,0.0,-0.005394588010093071,0.2257142989131071,-0.03284321337243854,-0.008485696789432229,1.0098022920129472,-0.023900071005998197,-0.007173475636427229
2025-09-19,5758.0,5758.0,5648.5,5679.0,750086,0.0,-0.006386142944624251,0.2148978788555598,-0.03284321337243854,0.008540235957034792,1.0125946469448845,-0.029717104149480946,-0.02077830603979569
2025-09-22,5698.5,5769.0,5682.0,5747.5,449815,0.0,0.012061982743440725,0.22064423268198494,-0.03284321337243854,-0.0033057851239669533,0.9975772074815137,0.054667108449440435,-0.007046541974771614
2025-09-23,5765.0,5812.5,5716.0,5732.0,662077,0.0,-0.0026968247063940964,0.22063053067637436,-0.03284321337243854,-0.0007850662944870468,0.9969251570132589,-0.01222326110486153,-0.02398813677599443
2025-09-24,5745.0,5757.5,5663.0,5686.0,690321,0.0,-0.008025122121423589,0.21954242662109377,-0.03284321337243854,0.01064016883573693,1.0017894829405558,-0.03655385375572775,-0.014069644741470322
2025-09-25,5690.0,5717.0,5644.5,5674.5,572155,0.0,-0.0020225114315863824,0.21790396622370511,-0.03284321337243854,0.007225306194378334,1.0033571239756807,-0.009281663724713434,-0.0030839721561370936
2025-09-26,5679.0,5700.0,5531.5,5561.0,896954,0.0,-0.020001762269803547,0.13574239751946146,-0.03284321337243854,0.021219205178924616,1.023071390037763,-0.1473508731376809,0.024006473655817206
2025-09-29,5575.0,5785.5,5501.0,5707.0,13795988,0.0,0.026254270814601632,0.15811614241296365,-0.03284321337243854,0.007096548098826094,0.9972227089539162,0.1660442049337971,-0.0075346066234448505
2025-09-30,5551.0,5655.5,5526.0,5594.5,1425301,0.0,-0.019712633607850027,0.17222722929896025,-0.03284321337243854,0.02457771025113953,1.016641344177317,-0.11445711890923305,0.007239252837608401
2025-10-01,5568.0,5625.5,5526.0,5606.0,795729,0.0,0.002055590311913491,0.17246580623447383,-0.03284321337243854,0.014270424545130167,1.013360684980378,0.011918827491697474,0.02113806635747406
2025-10-03,5602.0,5690.0,5602.0,5657.0,856525,0.0,0.009097395647520434,0.16897652313177824,-0.03284321337243854,0.0030935124624358323,1.0038889870956338,0.05383821930129037,0.013788226975428586
2025-10-06,5659.5,5706.0,5604.5,5694.5,632790,0.0,0.006628955276648307,0.1686413252619813,-0.03284321337243854,-0.023443673720256353,0.9974931951883397,0.039308009903683126,0.016331547984897776
2025-10-07,5675.0,5693.5,5610.5,5664.0,471217,0.0,-0.005356045306875057,0.16899465206932937,-0.03284321337243854,0.007591807909604453,1.0025776836158193,-0.0316935768342657,0.016772598870056443
2025-10-08,5637.5,5683.5,5625.0,5635.0,386534,0.0,-0.005120056497175174,0.16898987884940733,-0.03284321337243854,-0.007187222715173025,1.007715173025732,-0.03029800499920934,0.0400177462289264
2025-10-09,5656.0,5744.0,5624.5,5724.5,668462,0.0,0.01588287488908602,0.17400418218369457,-0.03284321337243854,-0.020700497860075107,0.9928814743645733,0.09127869098877008,0.027338632194951584
2025-10-10,5721.0,5770.0,5706.0,5735.0,426462,0.0,0.0018342213293738308,0.1733985097289291,-0.03284321337243854,-0.013600697471665257,0.9916564952048822,0.010578067980287474,0.01970357454228422
2025-10-13,5758.0,5824.0,5712.5,5787.5,669754,0.0,0.009154315605928609,0.17374512175053233,-0.03284321337243854,-0.01606911447084236,0.9831792656587472,0.05268818477787687,0.02531317494600427
2025-10-14,5778.0,5799.5,5740.5,5759.0,535051,0.0,-0.0049244060475162055,0.1712521504750718,-0.03284321337243854,-0.016495919430456696,0.9883096023615211,-0.028755292977649897,0.026740753603056167
2025-10-15,5780.0,5872.5,5775.5,5860.5,734165,0.0,0.01762458760201424,0.18143571007188022,-0.03284321337243854,-0.03847794556778428,0.9723274464636122,0.09713956874110471,-0.01220032420441941
2025-10-16,5895.5,5921.0,5853.0,5881.0,533386,0.0,0.0034979950516167424,0.18154453139700844,-0.03284321337243854,-0.026611120557728296,0.9700816187723177,0.019267971511008945,-0.017343989117497016
2025-10-17,5875.0,5930.5,5838.0,5848.0,582184,0.0,-0.005611290596837293,0.18293766146354057,-0.03284321337243854,-0.01932284541723661,0.9766886114911081,-0.03067323723946941,-0.0022229822161422552
2025-10-20,5890.0,5944.0,5878.0,5934.0,401435,0.0,0.014705882352941124,0.18742345999668608,-0.03284321337243854,-0.024688237276710434,0.9646823390630267,0.07846339817100359,-0.021065048870913428
2025-10-21,5950.0,5950.0,5904.5,5913.0,35982,0.0,-0.00353892821031343,0.1861009924119773,-0.03284321337243854,-0.02604430914933198,0.9695078640284119,-0.019016169523252753,-0.01691188905800778
2025-10-23,5941.0,5945.0,5772.0,5789.0,577925,0.0,-0.020970742431929645,0.1983514148890067,-0.03284321337243854,0.01235101053722576,0.9907669718431509,-0.10572519175833717,-0.011055449991362876
2025-10-24,5800.0,5804.5,5694.5,5779.0,562338,0.0,-0.0017274140611505118,0.19818802744605302,-0.03284321337243854,0.01765011247620696,0.9932860356463056,-0.008716035959641185,-0.026648209032704595
2025-10-27,5801.0,5872.0,5797.0,5835.0,473915,0.0,0.009690257830074378,0.19812908021545927,-0.03284321337243854,0.002227934875749682,0.9851285347043702,0.04890880899688441,-0.023907455012853518
2025-10-28,5807.0,5834.5,5743.5,5809.0,950434,0.0,-0.004455869751499586,0.19882237334135927,-0.03284321337243854,0.021518333620244467,0.9916724048889654,-0.022411308408114585,-0.02960922706145641
2025-10-29,5815.5,5839.5,5763.5,5813.0,659529,0.0,0.0006885866758479242,0.1833512441271205,-0.03284321337243854,0.01720282126268713,0.99190177189059,0.0037555602176056867,-0.02064338551522449
2025-10-30,5815.0,5840.5,5709.0,5725.0,907522,0.0,-0.01513848271116458,0.17047608241906753,-0.03284321337243854,0.011179039301310034,1.008288209606987,-0.08880120664633066,-0.02471615720524023
2025-10-31,5729.0,5730.0,5602.0,5625.0,1168861,0.0,-0.017467248908296984,0.16731880638272303,-0.03284321337243854,0.027377777777777723,1.026382222222222,-0.10439500640706549,-0.006488888888888877
2025-11-03,5625.0,5704.5,5615.0,5695.5,615829,0.0,0.012533333333333285,0.17254964248568125,-0.03284321337243854,0.024493020805899324,1.0140154507944867,0.07263609722061505,0.01527521727679737
2025-11-04,5696.0,5699.5,5581.5,5637.0,644454,0.0,-0.010271266789570688,0.17386931670810268,-0.03284321337243854,0.03051268405180063,1.024028738690793,-0.05907463371509119,0.02811779315238594
2025-11-06,5750.0,5833.5,5679.5,5693.0,2249415,0.0,0.009934362249423456,0.17584965042003223,-0.03284321337243854,0.02107851747760403,1.0142104338661513,0.056493496920576175,0.03732654136659064
2025-11-07,5689.5,5689.5,5569.0,5583.5,795267,0.0,-0.019234147198313734,0.18741276712744206,-0.03284321337243854,0.025342527088743516,1.0336392943494224,-0.10262986063770013,0.05820721769499415
2025-11-10,5604.0,5640.0,5541.0,5588.5,983156,0.0,0.0008954956568461014,0.18674808236950713,-0.03284321337243854,0.006531269571441456,1.0314977185291223,0.004795206448878945,0.050908114878768895
2025-11-11,5624.0,5799.5,5597.0,5782.5,959131,0.0,0.03471414511944171,0.21638694254329546,-0.03284321337243854,-0.015045395590142618,0.9973022049286641,0.16042623971284026,-0.007436230004323363
2025-11-12,5790.0,5824.5,5752.0,5795.5,695865,0.0,0.002248162559446598,0.21642220485549238,-0.03284321337243854,-0.02734880510741089,0.9951341558105427,0.010387854874083616,-0.006384263652834066
2025-11-13,5838.0,5938.0,5811.0,5905.5,1250921,0.0,0.018980243292209487,0.22387116671507407,-0.03284321337243854,-0.03598340530014399,0.9778384556769113,0.08478198743899075,-0.020320040640081305
2025-11-14,5900.0,5935.0,5864.0,5908.5,643970,0.0,0.0005080010160021242,0.22283121894667807,-0.03284321337243854,-0.05500550055005504,0.9777481594313276,0.0022797568294329394,-0.011001100110010986
2025-11-17,5900.0,5905.0,5839.5,5873.0,608336,0.0,-0.0060082931370060155,0.21596872914373008,-0.03284321337243854,-0.04844202281627785,0.9835901583517793,-0.027820198241780798,-0.011493274306146772
2025-11-18,5876.0,5888.5,5733.5,5739.5,906483,0.0,-0.022731142516601355,0.22958889846546932,-0.03284321337243854,0.007491941806777591,1.0055231291924382,-0.09900801684424651,0.0061852077707116315
2025-11-19,5712.0,5773.0,5674.0,5758.5,784194,0.0,0.00331039289136692,0.229440471875423,-0.03284321337243854,0.006425284362247208,1.0006816011114006,0.01442811165801304,0.026829903620734674
2025-11-20,5761.5,5836.0,5750.0,5785.5,429193,0.0,0.004688721021099296,0.22354981450632253,-0.03284321337243854,0.020741508944775777,0.9949096880131363,0.020973941855931485,0.02307492870106298
2025-11-21,5785.0,5873.5,5755.0,5843.5,410054,0.0,0.010025062656641603,0.22661143941884287,-0.03284321337243854,0.011123470522803158,0.9855009839993154,0.04423899446542269,0.00992555831265518
2025-11-24,5953.0,5970.0,5785.0,5805.5,1224537,0.0,-0.006502951997946482,0.21538057113630912,-0.03284321337243854,0.011626905520627062,0.9921798294720524,-0.030192842658507465,-0.001980880199810575
2025-11-25,5805.5,5805.5,5750.0,5775.0,478426,0.0,-0.005253638790801873,0.21612798086428833,-0.03284321337243854,-0.006147186147186123,0.996900432900433,-0.024307998097760287,-0.013419913419913443
2025-11-26,5799.0,5923.0,5781.0,5913.0,520063,0.0,0.02389610389610386,0.22930830507391028,-0.03284321337243854,-0.026128868594622046,0.9745137831895823,0.10420949579783755,-0.05369524775917467
2025-11-27,5913.0,5959.0,5886.5,5919.0,472382,0.0,0.0010147133434805777,0.22853077427063498,-0.03284321337243854,-0.0225544855549924,0.9744213549586079,0.004440160421796457,-0.08151714816692013
2025-11-28,5922.0,5936.5,5885.0,5901.5,273162,0.0,-0.0029565805034633685,0.2289402206573728,-0.03284321337243854,-0.009828009828009798,0.9788062357027875,-0.01291420251903269,-0.08997712445988304
2025-12-01,5890.0,5916.5,5763.0,5794.0,586223,0.0,-0.018215707870880338,0.2318720440064626,-0.03284321337243854,0.001984811874352843,0.9984250949257854,-0.07855930698044639,-0.1502416292716603
2025-12-02,5792.0,5805.5,5680.0,5697.5,1179053,0.0,-0.016655160510873346,0.2310873207273783,-0.03284321337243854,0.013602457218078179,1.0153532250987276,-0.07207301438139857,-0.12812637121544534
2025-12-03,5675.0,5694.0,5570.5,5595.5,1062464,0.0,-0.017902588854760815,0.23547724229628209,-0.03284321337243854,0.05674202484139035,1.0334911982843356,-0.0760268292592247,-0.1411848807077115
2025-12-04,5520.0,5573.0,5397.0,5436.5,4118078,0.0,-0.028415691180412872,0.25250498178332303,-0.03284321337243854,0.08875195438241512,1.0613584107422054,-0.11253516605642652,-0.1135841074220546
2025-12-05,5406.0,5475.0,5265.0,5370.5,6700523,0.0,-0.012140163708268203,0.25137276505686507,-0.03284321337243854,0.09887347546783354,1.0724187692021228,-0.04829545962374756,-0.09496322502560284
2025-12-08,5110.0,5202.5,4842.5,4923.5,15824857,0.0,-0.08323247369891074,0.37293079790679734,-0.03284321337243854,0.17680511831014512,1.163029349040317,-0.2231847622514259,0.0085305169087031
2025-12-09,4901.0,5017.0,4817.0,4967.5,10230467,0.0,0.008936731999593883,0.3757527715209306,-0.03284321337243854,0.1469552088575743,1.1445244086562658,0.023783541836791645,0.001308505284348227
2025-12-10,4999.5,4999.5,4788.5,4805.5,7127760,0.0,-0.0326119778560644,0.3573001777212327,-0.03284321337243854,0.1643949641036313,1.172807200083238,-0.09127332975684978,0.036416605972323435
2025-12-11,4650.0,4848.5,4645.0,4819.0,6526881,0.0,0.0028092810321507233,0.3575185662463966,-0.03284321337243854,0.12813861797053328,1.1582485992944596,0.007857720462095956,0.06152728781904959
2025-12-12,4830.0,4898.0,4811.5,4860.5,3379049,0.0,0.008611745175347574,0.34918465134709725,-0.03284321337243854,0.10492747659705781,1.13757843843226,0.0246624383274021,0.060281864005760744
2025-12-15,4900.0,5014.0,4864.5,4965.5,4014614,0.0,0.021602715769982517,0.36375771924891986,-0.03284321337243854,-0.008458362702648325,1.1043852582821467,0.05938764741738244,0.03625012586849263
2025-12-16,4990.0,5002.0,4951.5,4974.0,2389083,0.0,0.001711811499345517,0.3652668413943598,-0.03284321337243854,-0.0013067953357458473,1.0948029754724569,0.004686468243178635,0.036791314837153255
2025-12-17,4999.0,5009.0,4944.5,4980.5,1600991,0.0,0.0013067953357459583,0.36221513456459664,-0.03284321337243854,-0.035137034434293724,1.085563698423853,0.0036077876791065742,0.02027908844493531
2025-12-18,4977.0,5140.0,4957.0,5115.5,4260902,0.0,0.02710571227788372,0.3792915532238129,-0.03284321337243854,-0.05796109862183563,1.0503665330857197,0.07146405273952572,-0.008112598963933126
2025-12-19,5123.0,5166.5,5103.5,5153.5,9087607,0.0,0.007428403870589406,0.3803217836126666,-0.03284321337243854,-0.05685456485883378,1.0359270398758125,0.019531891138888455,-0.013194916076452845
2025-12-22,5100.0,5184.0,5100.0,5145.5,1513801,0.0,-0.0015523430678180405,0.376573855836697,-0.03284321337243854,-0.03498202312700416,1.0311242833543872,-0.004122280404055499,-0.024778933048294594
2025-12-23,5148.0,5172.0,5132.0,5157.0,968910,0.0,0.002234962588669731,0.3775725990279608,-0.03284321337243854,-0.03548574752763234,1.0228330424665504,0.005919292171176069,-0.018906340895869733
2025-12-24,5155.0,5168.0,5047.5,5081.5,980384,0.0,-0.014640294745006832,0.3789411615989762,-0.03284321337243854,-0.019876020859982302,1.0298484699399784,-0.03863474291598033,0.005706976286529608
2025-12-26,5081.5,5098.0,5031.0,5074.0,585777,0.0,-0.0014759421430680097,0.3637835484075148,-0.03284321337243854,0.008178951517540334,1.0230439495467087,-0.004057198597784459,0.006306661411115577
2025-12-29,5073.5,5099.0,5065.0,5085.5,581866,0.0,0.0022664564446195357,0.36415675484541915,-0.03284321337243854,0.013371349916428965,1.012707698358077,0.006223848252775487,0.0033428374791073523
2025-12-30,5070.0,5074.5,4989.0,5018.0,1306997,0.0,-0.013273031167043592,0.3644875247657556,-0.03284321337243854,0.025408529294539628,1.0185980470306895,-0.03641559697116595,-0.0030888800318852327
2025-12-31,5000.0,5064.5,4976.5,5059.5,908946,0.0,0.008270227182144207,0.3661592397406807,-0.03284321337243854,0.01927067892084189,1.0039381361794644,0.02258642158569339,-0.021444806799090776
2026-01-01,5081.0,5175.0,5062.5,5110.5,744719,0.0,0.01008004743551738,0.3682215973664302,-0.03284321337243854,-0.005674591527247808,0.9891742490950005,0.027374948221021624,-0.03991781626063984
2026-01-02,5119.0,5136.0,5095.0,5106.0,464130,0.0,-0.0008805400645729433,0.3653576281439403,-0.03284321337243854,-0.0062671367019193625,0.9868096357226791,-0.0024100770659844155,-0.05131218174696439
2026-01-05,5106.0,5140.0,5075.0,5102.5,634271,0.0,-0.0006854680767723886,0.3545615151375905,-0.03284321337243854,-0.0033317001469868046,0.984860362567369,-0.001933283868029356,-0.049485546300832906
2026-01-06,5100.0,5140.5,4990.0,5002.5,856866,0.0,-0.019598236158745674,0.35797036829683326,-0.03284321337243854,0.003098450774612793,1.0053373313343328,-0.05474820640744354,-0.048575712143928085
2026-01-07,5010.0,5045.0,4919.0,4951.0,1157501,0.0,-0.010294852573713098,0.21151429043503187,-0.03284321337243854,0.02191476469400122,1.0156281559280953,-0.04867213494567114,-0.044031508786103846
2026-01-08,4959.0,4992.5,4893.5,4906.5,1303022,0.0,-0.008988083215512033,0.2114598254073764,-0.03284321337243854,0.04157749923570764,1.0258687455416284,-0.04250491918806487,-0.035361255477427855
2026-01-09,4924.0,4924.0,4833.0,4844.0,1257421,0.0,-0.012738204422704569,0.18268634408433407,-0.03284321337243854,0.054087530966143715,1.0393631296449215,-0.06972718070023004,-0.02146985962014869
2026-01-12,4814.5,4869.0,4771.0,4850.0,691685,0.0,0.0012386457473163581,0.18251093712420025,-0.03284321337243854,0.05206185567010313,1.0379690721649484,0.006786692890665069,0.01886597938144341
2026-01-13,4832.5,4848.5,4725.0,4759.5,1339651,0.0,-0.018659793814432946,0.1912320908853901,-0.03284321337243854,0.05105578317050119,1.0555415484819834,-0.09757668157197207,0.006408236159260339
2026-01-14,4730.0,4756.5,4701.0,4733.0,1059301,0.0,-0.00556781174493115,0.17320541230063216,-0.03284321337243854,0.04605958166068036,1.0589055567293473,-0.03214571270908087,0.026304669342911424
2026-01-15,4733.0,4733.0,4733.0,4733.0,0,0.0,0.0,0.17281632240456837,-0.03284321337243854,0.0366575110923304,1.0562909359814072,0.0,0.037185717304035526
2026-01-16,4700.0,4757.5,4700.0,4740.0,1079566,0.0,0.001478977392774139,0.17286269804938872,-0.03284321337243854,0.021940928270042237,1.0507700421940926,0.008555792104978359,-0.007489451476793252
2026-01-19,4764.5,4952.5,4764.5,4941.5,2171150,0.0,0.04251054852320668,0.21010395054406142,-0.03284321337243854,-0.0185166447434989,1.005777597895376,0.20233101943022008,-0.03490842861479304
2026-01-20,4941.5,4941.5,4775.0,4790.0,681597,0.0,-0.030658706870383523,0.2300439817043303,-0.03284321337243854,-0.0063674321503131015,1.0338778705636742,-0.13327323458109866,-0.008559498956158706
2026-01-21,4784.5,4952.0,4750.0,4857.5,1740395,0.0,0.014091858037578398,0.23785873138779973,-0.03284321337243854,-0.025630468347915603,1.0164282038085435,0.05924465065003997,-0.048687596500257335
2026-01-22,4905.0,4932.5,4880.0,4909.0,1281956,0.0,0.010602161605764326,0.24175046045636742,-0.03284321337243854,-0.0358525157873294,1.0040079445915666,0.0438558054747524,-0.06365858627011611
2026-01-23,4878.0,4878.0,4686.5,4704.5,3668328,0.0,-0.041658178855163985,0.2750444533648215,-0.03284321337243854,0.0075459666276969095,1.0437240939525985,-0.15145979797422135,-0.0037198427037942183
2026-01-27,4700.0,4784.0,4643.5,4769.0,1255311,0.0,0.01371027739398456,0.2814240851689589,-0.03284321337243854,0.03617110505347032,1.0262895785279933,0.048717496580217505,0.03715667756605168
2026-01-28,4777.0,4794.5,4707.0,4749.0,1075513,0.0,-0.004193751310547333,0.28084850167798864,-0.03284321337243854,0.008633396504527324,1.027779532533165,-0.014932432027112703,0.04457784698094325
2026-01-29,4749.0,4749.0,4585.5,4621.0,1751127,0.0,-0.026953042745841205,0.2909067488174969,-0.03284321337243854,0.05117939839861507,1.051504003462454,-0.09265182718821068,0.06734477284408147
2026-01-30,4580.0,4661.0,4551.0,4596.5,1567278,0.0,-0.005301882709370265,0.2876172706420486,-0.03284321337243854,0.06798651147612311,1.0515174589361471,-0.01843381140915755,0.06807351296502784
2026-02-02,4610.0,4699.5,4582.7998046875,4687.0,1309113,0.0,0.019688893723485368,0.2955311421784968,-0.03284321337243854,0.0037337315980370267,1.0267441860465116,0.0666220585489869,0.05912099373933222
2026-02-03,4950.0,5007.7998046875,4834.5,4946.2001953125,2915322,0.0,0.055301940540324335,0.35993859084762614,-0.03284321337243854,-0.03582552026107477,0.9713587845309757,0.15364270575618386,0.0028708314404068958
2026-02-04,4945.0,4977.60009765625,4897.2001953125,4960.7001953125,1026215,0.0,0.0029315432913010753,0.36023059586124206,-0.03284321337243854,-0.04267546656267218,0.968098218084054,0.008137962859353162,0.010704055331780538
2026-02-05,4845.0,4939.89990234375,4780.2998046875,4932.2001953125,1189049,0.0,-0.005745156707299137,0.3544158331927108,-0.03284321337243854,-0.06309561311162115,0.9735016502087982,-0.01621021412458487,0.010259033974956866
2026-02-06,4911.0,4931.2998046875,4870.0,4909.39990234375,463970,0.0,-0.004622742805618252,0.35296995799178604,-0.03284321337243854,-0.06373485732836137,0.978052332245689,-0.013096702906253564,0.004033139153992504
2026-02-09,4895.0,4978.10009765625,4888.7001953125,4964.10009765625,538869,0.0,0.011141931071124711,0.35351985822071874,-0.03284321337243854,-0.055820811870228026,0.9684847071409299,0.031517128378675145,-0.004693759696697275
2026-02-10,4950.0,4996.0,4929.0,4960.39990234375,1115549,0.0,-0.0007453909549984816,0.35016229664452864,-0.03284321337243854,-0.0028626133599714,0.9703199579009496,-0.0021287012932410627,0.0033465240672241325
2026-02-11,4990.0,5056.0,4945.60009765625,5013.7998046875,527542,0.0,0.01076524139082391,0.3516720434482175,-0.03284321337243854,-0.01059069197883733,0.9625214812399606,0.03061159192283971,-0.006661594727520592
2026-02-12,4999.89990234375,4999.89990234375,4930.7001953125,4982.7998046875,971327,0.0,-0.006182935339982598,0.34511395452702404,-0.03284321337243854,-0.010154854972780347,0.9710163350996308,-0.01791563360368875,-0.03365571839219561
2026-02-13,4966.0,4988.0,4900.60009765625,4929.2001953125,232702,0.0,-0.010756926121048838,0.34708772299855917,-0.03284321337243854,-0.004016938282924598,0.9835652484268949,-0.030991951309018148,-0.015134320924354405
2026-02-16,4929.0,4976.2998046875,4903.0,4940.7998046875,425143,0.0,0.002353243714067643,0.34699873581220897,-0.03284321337243854,0.004715894974462342,0.9832881713348616,0.006781706684730172,-0.015908276490059325
2026-02-17,4970.0,5008.2001953125,4937.5,4977.0,263838,0.0,0.007326788524836703,0.3474209257260302,-0.03284321337243854,-0.0033353621973578607,0.9764928681701451,0.0210890817777731,-0.025457141915310455
2026-02-18,4974.10009765625,4999.39990234375,4960.60009765625,4980.39990234375,201866,0.0,0.0006831228337853545,0.315559879113559,-0.03284321337243854,0.006706269174897361,0.9777377510806766,0.002164796152338368,-0.006625973947286923
2026-02-19,4939.0,4939.0,4790.10009765625,4815.10009765625,1546005,0.0,-0.03319006664699975,0.3188203818332793,-0.03284321337243854,0.034827875564389155,1.0108626832601095,-0.10410270954172789,0.02458929200690574
2026-02-20,4785.0,4880.0,4783.89990234375,4854.60009765625,819782,0.0,0.008203360096133094,0.3162859094018391,-0.03284321337243854,0.015366888344163776,1.0020773929688347,0.02593653271586454,-0.0056441111095800744
2026-02-23,4850.0,4871.7001953125,4821.0,4862.2001953125,321229,0.0,0.0015655455657241912,0.3140680931374721,-0.03284321337243854,0.016165440791758412,1.002132743161984,0.004984732770009852,-0.07029745367092644
2026-02-24,4812.0,4862.2001953125,4806.0,4850.2998046875,406380,0.0,-0.002447532011633946,0.276030518505687,-0.03284321337243854,0.026122136860499356,1.005429603558253,-0.008866888836114807,-0.09430342881108145
2026-02-25,4855.0,4974.89990234375,4850.2998046875,4947.39990234375,831769,0.0,0.020019401184728558,0.2803505502523309,-0.03284321337243854,0.00667017032206485,0.987701641536575,0.07140845792036227,-0.08784414161676424
2026-02-26,4975.0,4976.2998046875,4899.89990234375,4933.5,467220,0.0,-0.0028095368512994767,0.28001242325218323,-0.03284321337243854,-0.023999169422063482,0.9936515668152047,-0.010033614645850984,-0.10730716577353805
2026-02-27,4890.0,4920.0,4792.0,4827.2001953125,1199332,0.0,-0.021546529783622148,0.27352890636054655,-0.03284321337243854,0.005676147919109864,1.0179223599261429,-0.07877240209302416,-0.12232763840484817
2026-03-02,4500.0,4664.89990234375,4500.0,4520.39990234375,3465274,0.0,-0.06355657121216385,0.35578713920746086,-0.03284321337243854,0.07561284407415636,1.0851661613438817,-0.17863650037315926,-0.030970711225662195
2026-03-04,4409.5,4431.0,4293.0,4392.89990234375,2807222,0.0,-0.02820546915194233,0.36011064947878685,-0.03284321337243854,0.10412254149012434,1.1103644753013313,-0.07832444946996588,-0.009606343866095157
2026-03-05,4389.2998046875,4558.89990234375,4318.0,4512.7998046875,2629784,0.0,0.02729402103603129,0.3131462733866767,-0.03284321337243854,0.09630387264350304,1.0759008122945433,0.08716060986209538,-0.057857565297665725
2026-03-06,4424.7001953125,4465.0,4375.5,4404.10009765625,1640372,0.0,-0.024086977427702938,0.31935381575205884,-0.03284321337243854,0.12020614668260676,1.0964600857444073,-0.07542410794979384,-0.05583431277472817
2026-03-09,4199.89990234375,4255.5,4035.0,4236.7001953125,4271926,0.0,-0.038010013085950534,0.3386967489753177,-0.03284321337243854,0.13937733915024975,1.1318443043614657,-0.11222431888909952,-0.0034461012068788266
2026-03-10,4410.0,4473.7001953125,4341.60009765625,4380.39990234375,2579968,0.0,0.03391783709176299,0.36720562524513756,-0.03284321337243854,0.03196055226032968,1.088051338197642,0.09236741987665921,-0.021116793457717775
2026-03-11,4366.0,4512.89990234375,4338.7001953125,4350.7001953125,2647380,0.0,-0.006780135990633873,0.3624000923719678,-0.03284321337243854,0.009699520798219119,1.088471918919301,-0.01870897923664143,0.0022754733489602774
2026-03-12,4263.60009765625,4297.5,4194.10009765625,4251.7001953125,1595719,0.0,-0.02275495795059923,0.36637064805639735,-0.03284321337243854,0.061410635129650615,1.1048544803193392,-0.062109116683401105,-0.022908574488009315
2026-03-13,4226.0,4234.0,4130.0,4158.2001953125,1848484,0.0,-0.0219912025083715,0.3638565584057226,-0.03284321337243854,0.05913613842377052,1.119782552688506,-0.06043920714343116,-0.0021884703065784272
2026-03-16,4105.0,4270.0,4093.89990234375,4222.10009765625,1792860,0.0,0.015367201996619562,0.3732108114641844,-0.03284321337243854,0.003458017886490916,1.0944612675050518,0.041175660277831184,-0.06555980256881655
2026-03-17,4246.0,4306.0,4208.7001953125,4287.89990234375,1076802,0.0,0.015584615041227101,0.38145916001372,-0.03284321337243854,0.02157233193560315,1.0700529708701778,0.04085526385606766,-0.03197371691939721
2026-03-18,4290.0,4417.5,4290.0,4360.60009765625,1505698,0.0,0.016954732379075077,0.38893051124190503,-0.03284321337243854,-0.002270307325147991,1.0451451479417355,0.04359321640517294,-0.01511257645000974
2026-03-19,4320.0,4320.0,4145.0,4154.2998046875,1501959,0.0,-0.047310069336473415,0.41138109277976415,-0.03284321337243854,0.02344568163210048,1.0871037820142582,-0.1150030203545864,-0.013191104942803289
2026-03-20,4185.0,4247.0,4135.0,4149.10009765625,1888215,0.0,-0.001251644627424997,0.41090647216683807,-0.03284321337243854,0.002193270213314502,1.0804403180894953,-0.0030460571486355835,-0.04955293746043621
2026-03-23,4069.800048828125,4103.89990234375,3895.199951171875,3945.300048828125,2919605,0.0,-0.04911909667912029,0.42645757948850793,-0.03284321337243854,0.07015944171605981,1.124728150441564,-0.11517932354782008,0.05969121560965318
2026-03-24,4065.0,4168.39990234375,4021.0,4150.7998046875,2152981,0.0,0.05208723121589065,0.4733959355481236,-0.03284321337243854,0.03302980247359133,1.0604751408037654,0.11002889168301012,0.010287221095143906
2026-03-25,4219.89990234375,4317.89990234375,4181.0,4294.7001953125,2206366,0.0,0.03466811154382654,0.4943697615644442,-0.03284321337243854,0.015344470940178212,1.0184738929226225,0.07012587244992453,0.004144597731624566
2026-03-27,4251.0,4251.0,4091.60009765625,4099.5,1693708,0.0,-0.0454514137041635,0.513190149593511,-0.03284321337243854,0.013367436196487281,1.0566276452587586,-0.08856641705710955,0.04129767159104758
2026-03-30,4030.0,4092.199951171875,3930.60009765625,3943.5,2450995,0.0,-0.03805342114892063,0.5134168955367864,-0.03284321337243854,0.052136451795676386,1.085874231453856,-0.07411797457104594,0.17040699885888166
2026-04-01,4063.800048828125,4332.7001953125,4063.800048828125,4180.7998046875,4361610,0.0,0.06017492194433882,0.5683274679907165,-0.03284321337243854,-0.05632887649758622,1.016510048494104,0.10588071890713993,0.0641743937769832
2026-04-02,4070.0,4211.39990234375,3970.0,4193.5,2222700,0.0,0.0030377429931613964,0.5669094858290772,-0.03284321337243854,-0.010182471756885692,1.009533806388421,0.005358426725096299,0.0860141159681651
2026-04-06,4180.0,4328.7001953125,4087.300048828125,4312.5,1802863,0.0,0.028377250506736562,0.5381718176102938,-0.03284321337243854,-0.004127490942029022,0.9807443529211957,0.05272897809003368,0.026597146739130384
2026-04-07,4230.0,4289.39990234375,4180.0,4268.7998046875,1488156,0.0,-0.010133378623188416,0.530541083165845,-0.03284321337243854,-0.03965981363229887,0.9879263996736861,-0.019100082451145327,0.08648805570762241
2026-04-08,4600.0,4744.0,4560.39990234375,4615.5,5538528,0.0,0.08121725336751418,0.5954715183102194,-0.03284321337243854,-0.14559636009099775,0.9160069368627113,0.1363914973365492,-0.0014732541842703561
2026-04-09,4565.0,4597.5,4433.7001953125,4449.10009765625,1904534,0.0,-0.03605241086420752,0.6033992036577704,-0.03284321337243854,-0.060304395738385086,0.9526533274537501,-0.059748852912253445,0.04254788620899341
2026-04-10,4490.0,4578.0,4460.0,4554.2001953125,1296004,0.0,0.0236227765951178,0.5906168256388339,-0.03284321337243854,-0.07920165558021752,0.9325764886723515,0.039996788390846486,0.027227612902838372
2026-04-13,4330.0,4460.0,4325.0,4427.2001953125,1662563,0.0,-0.027886345473068452,0.5901067316142101,-0.03284321337243854,-0.025908066103255023,0.9601926362752631,-0.047256442786582344,0.060060510167415426
2026-04-15,4624.0,4659.0,4575.7001953125,4638.0,1623094,0.0,0.047614698994342675,0.6106152645328389,-0.03284321337243854,-0.07960331938605003,0.9207158294717214,0.07797823110594648,0.0006252484570397066
2026-04-16,4699.89990234375,4703.60009765625,4598.0,4608.7001953125,1474798,0.0,-0.0063173360688874025,0.6042476178526436,-0.03284321337243854,0.0014754278645454644,0.9314567741802879,-0.010454879386680846,-0.011434936767225845
2026-04-17,4620.10009765625,4648.10009765625,4572.7001953125,4638.39990234375,762531,0.0,0.00644426970134826,0.5965009190969337,-0.03284321337243854,-0.04081144547106608,0.9299801867330537,0.010803452915160574,-0.02485766797063782
2026-04-20,4635.0,4698.0,4576.7001953125,4678.2001953125,1026819,0.0,0.008580608357774189,0.5956041455833898,-0.03284321337243854,-0.02650591997414875,0.9262397591095834,0.01440656227351125,-0.025009618040124137
2026-04-21,4681.10009765625,4748.2998046875,4676.2001953125,4693.10009765625,850836,0.0,0.003184964670532864,0.594522786561848,-0.03284321337243854,-0.05665762434441601,0.9268415187106155,0.0053571783772660315,-0.05341888945383899
2026-04-22,4674.7998046875,4713.2998046875,4599.89990234375,4640.89990234375,1082869,0.0,-0.011122753452151746,0.5953472200185371,-0.03284321337243854,-0.0006248577656857712,0.9425090217193574,-0.01868280037484246,-0.06371602776476937
2026-04-23,4549.7001953125,4589.0,4510.0,4556.0,1024694,0.0,-0.018293844756460675,0.5720934574451383,-0.03284321337243854,0.011567207048397643,0.9645379767279756,-0.0319770208846424,-0.05722128957693151
2026-04-24,4566.10009765625,4598.7998046875,4507.0,4523.10009765625,731221,0.0,-0.007221225272991627,0.5732899459049683,-0.03284321337243854,0.025491322809160222,0.9779409981897398,-0.012596113360459182,-0.05763750297005099
2026-04-27,4522.2001953125,4584.2998046875,4507.0,4561.2001953125,833925,0.0,0.008423447819780217,0.538802418538881,-0.03284321337243854,0.025651143337282134,0.9742709930847167,0.015633648576200438,-0.07077091097656463
2026-04-28,4514.7998046875,4547.89990234375,4421.0,4442.39990234375,1261879,0.0,-0.02604584054232917,0.5250895543040897,-0.03284321337243854,0.05643350459742136,1.0019876929468836,-0.049602662694026634,0.017513122339054554
2026-04-29,4442.39990234375,4507.2998046875,4335.10009765625,4345.2001953125,1695800,0.0,-0.021879999362499736,0.5196478044459225,-0.03284321337243854,0.06805203298808737,1.027228859070207,-0.04210543901898137,0.037213407843829094
2026-04-30,4250.0,4313.0,4172.7998046875,4295.2998046875,2010221,0.0,-0.011484025679376342,0.4940325077568363,-0.03284321337243854,0.06069429543148441,1.0432578010984481,-0.02324548540148687,0.05294168066611693
2026-05-04,4349.0,4387.2998046875,4235.2998046875,4262.39990234375,1047968,0.0,-0.0076595124530879355,0.4732421867832924,-0.03284321337243854,0.061162772448720704,1.052267534004361,-0.016185184890846468,0.008680555754436492
2026-05-05,4225.0,4285.0,4196.2998046875,4238.39990234375,1239988,0.0,-0.005630630759634547,0.42775177522348135,-0.03284321337243854,0.0761608862793357,1.0587556938210139,-0.013163313290890866,-0.008658858974339823
2026-05-06,4320.0,4565.60009765625,4315.60009765625,4520.2001953125,2657960,0.0,0.06648742437279687,0.4843110733926538,-0.03284321337243854,-0.017211691873609936,0.9950477511431431,0.1372824753607639,-0.058493070926191826
2026-05-07,4530.0,4560.0,4455.10009765625,4506.89990234375,1723948,0.0,-0.002942412369819958,0.4765468109887003,-0.03284321337243854,-0.035878255682395,1.000625738681282,-0.006174445490403822,-0.05023406493363958
2026-05-08,4488.0,4545.7998046875,4465.7001953125,4522.7001953125,827316,0.0,0.0035058007302388727,0.4743209507913991,-0.03284321337243854,-0.05027978437763492,0.9961040659693019,0.007391199251219015,-0.04594606849777971
2026-05-11,4430.0,4432.2998046875,4276.60009765625,4299.39990234375,1791551,0.0,-0.04937322469443961,0.4156666438877261,-0.03284321337243854,-0.008605852174818684,1.0460983267673054,-0.11878081687008647,-0.005512329062093202
2026-05-12,4297.10009765625,4309.10009765625,4187.7001953125,4201.7001953125,758162,0.0,-0.02272403341173046,0.4047539342647132,-0.03284321337243854,0.008734489688767555,1.0662279162476314,-0.05614283377277903,0.006806675404139151
2026-05-13,4205.39990234375,4283.60009765625,4146.2998046875,4255.7998046875,1018804,0.0,0.012875647204756424,0.3976933220184433,-0.03284321337243854,0.06212707428901587,1.0506603293437562,0.032375818672663356,0.002067835277180352
2026-05-14,4261.89990234375,4313.0,4193.60009765625,4280.5,743734,0.0,0.005803890325220218,0.3880591718810476,-0.03284321337243854,0.05289099459029312,1.0404216854138681,0.014956198941323579,0.02861815208503682
2026-05-15,4293.0,4359.0,4277.0,4314.89990234375,713589,0.0,0.00803642152639883,0.3472441577294838,-0.03284321337243854,0.048158774866568166,1.028722591537884,0.023143431260332938,0.02866814946166163
2026-05-18,4268.10009765625,4293.89990234375,4226.0,4275.7001953125,524880,0.0,-0.009084731492834286,0.3476885082138282,-0.03284321337243854,0.005542883258567111,1.033912534199785,-0.02612893730142444,0.052903547184911526
2026-05-19,4279.0,4319.0,4224.2998046875,4230.2998046875,577738,0.0,-0.010618235271680931,0.34666160659637174,-0.03284321337243854,-0.006760657800969461,1.0397147266038094,-0.03062997102458001,0.059215661197919545
2026-05-20,4178.0,4284.0,4178.0,4264.60009765625,760291,0.0,0.008108241626454626,0.3464468042333374,-0.03284321337243854,-0.002063568158146012,1.026328355450789,0.023404001114565302,0.07161278791687709
2026-05-21,4305.0,4452.2001953125,4305.0,4403.0,1656192,0.0,0.032453195885778774,0.368419104280033,-0.03284321337243854,-0.027821939586645472,0.9913661162311209,0.0880877094262577,0.037928684987508454
2026-05-22,4425.10009765625,4460.0,4399.60009765625,4438.60009765625,675234,0.0,0.008085418500170416,0.3689470889906934,-0.03284321337243854,-0.02786919131953758,0.9820923081018758,0.02191484503412336,-0.007569976325191408
2026-05-25,4524.10009765625,4538.0,4438.7001953125,4501.89990234375,2493013,0.0,0.014261209231470229,0.3679163398650419,-0.03284321337243854,-0.05024538793354494,0.9680479573999302,0.038762096973133944,-0.010795463850928444
2026-05-26,4500.0,4510.5,4440.0,4480.7998046875,759683,0.0,-0.004686931765245372,0.3674213782486667,-0.03284321337243854,-0.05590519793764148,0.9717093320698406,-0.012756284514589307,-0.00328059892697552
2026-05-27,4480.0,4593.2001953125,4429.89990234375,4570.0,1369227,0.0,0.019907203892301828,0.3729276108717089,-0.03284321337243854,-0.06682711211022974,0.9541389475348743,0.053380878160135314,-0.01266956287609411
2026-05-28,4570.0,4570.0,4570.0,4570.0,0,0.0,0.0,0.3604014197625105,-0.03284321337243854,-0.036542669584245124,0.9565984639975383,0.0,-0.013391727639496698
2026-05-29,4550.0,4555.0,4381.2001953125,4405.0,1359472,0.0,-0.03610503282275712,0.3751420777202682,-0.03284321337243854,0.007627717969636683,0.9936753666820374,-0.0962436207629135,0.017321181540862707
2026-06-01,4525.0,4633.89990234375,4445.7998046875,4453.2998046875,1665946,0.0,0.010964768374006839,0.37385116337768837,-0.03284321337243854,0.010913277746334105,0.9850414698633541,0.02932923354216553,-0.02101803459908047
2026-06-02,4420.0,4480.2001953125,4389.2001953125,4466.10009765625,1093115,0.0,0.0028743389239764827,0.3722046893756875,-0.03284321337243854,0.0032913966793901572,0.9847674478736462,0.007722468117134781,0.016009493391677898
2026-06-03,4440.10009765625,4565.0,4390.0,4512.10009765625,808155,0.0,0.01029981393031032,0.37191857647786747,-0.03284321337243854,0.012832140486826793,0.9746381718168627,0.02769373272750716,0.0028367732121343803
2026-06-04,4500.0,4537.0,4460.7001953125,4508.7998046875,565503,0.0,-0.0007314316831011913,0.2922589805433302,-0.03284321337243854,0.013573500258067472,0.9753726436865755,-0.0025026832596027515,-0.0014194248183511116
2026-06-05,4492.0,4517.7998046875,4442.39990234375,4481.2998046875,788870,0.0,-0.006099184082515752,0.29286927439924504,-0.03284321337243854,-0.017026266488059827,0.980896203646621,-0.02082561882522725,0.0509674426125406
2026-06-08,4424.89990234375,4434.0,4350.0,4359.7001953125,827136,0.0,-0.027134897167068628,0.3070000610536259,-0.03284321337243854,0.02146927659742226,1.008946666836905,-0.08838726673235454,0.11943475094711786
2026-06-09,4375.0,4547.89990234375,4375.0,4537.60009765625,1000203,0.0,0.040805535787765024,0.28843294847708156,-0.03284321337243854,-0.01575722815171199,0.973091475792814,0.14147320751143413,0.06664313642357889
2026-06-10,4511.0,4579.5,4504.5,4524.89990234375,540246,0.0,-0.0027988793721729355,0.2741857234448938,-0.03284321337243854,-0.0028287486936163786,0.9787962332989282,-0.010207968653246717,0.07812327512856099
2026-06-11,4481.0,4550.0,4470.0,4502.39990234375,600900,0.0,-0.0049724856871078416,0.27361133887436306,-0.03284321337243854,0.001421442449041077,0.9861518461020408,-0.01817353595735208,0.11313963961277151
2026-06-12,4599.0,4725.0,4561.7001953125,4709.7001953125,2530474,0.0,0.046042176942310054,0.31194730820888006,-0.03284321337243854,-0.04849573882692659,0.9469371308757918,0.14759600180784435,0.06620374795784878
2026-06-15,4820.0,4941.5,4810.10009765625,4880.39990234375,2365057,0.0,0.036244283065224536,0.33045467930654737,-0.03284321337243854,-0.1066920165253652,0.9200116927774014,0.10968003855924226,0.028829644727459858
2026-06-16,4905.0,4920.0,4814.39990234375,4840.0,849705,0.0,-0.008277990154935577,0.3299995117698517,-0.03284321337243854,-0.06247931866606404,0.9339896663949508,-0.02508485500384699,0.025082624451187918
2026-06-17,4876.39990234375,4899.0,4840.0,4878.39990234375,871600,0.0,0.00793386412060948,0.32434896382548717,-0.03284321337243854,-0.07246228416620104,0.9329288427952341,0.02446088861338041,0.06739920866487048
2026-06-18,4895.0,5022.0,4877.0,5011.7998046875,1129087,0.0,0.027345011687061493,0.3319278990369629,-0.03284321337243854,-0.10164011377056836,0.9141705862902062,0.08238238166353286,0.08743369894836084
2026-06-19,5011.7998046875,5035.0,4968.0,5021.5,1070918,0.0,0.0019354714255401806,0.32013783192167367,-0.03284321337243854,-0.062092961204321395,0.9182086947998606,0.006045743964294361,0.08533306780842387
2026-06-22,5015.0,5057.39990234375,4966.39990234375,5021.10009765625,857309,0.0,-7.963802524146857e-05,0.32086769821728006,-0.03284321337243854,-0.028021786575849417,0.9234520086280426,-0.0002481958240171073,0.058572840998236675
2026-06-23,5040.0,5040.0,4945.89990234375,4961.39990234375,584474,0.0,-0.011889863605859419,0.3252270438445369,-0.03284321337243854,-0.024468880705705853,0.9394072373372285,-0.03655865483916028,0.0820332986679293
2026-06-24,4990.0,5230.0,4967.10009765625,5207.2001953125,2145122,0.0,0.04954252787658464,0.3578371984111379,-0.03284321337243854,-0.06314339388463197,0.9011819805921525,0.13844990602448093,0.03683357610490123
2026-06-25,5265.0,5464.89990234375,5265.0,5450.0,5145228,0.0,0.04662770694049123,0.3808202831011699,-0.03284321337243854,-0.08040370556192655,0.8691073367617546,0.12244018447857234,-0.0011009174311926717
2026-06-26,5450.0,5450.0,5450.0,5450.0,0,0.0,0.0,0.3808202831011699,-0.03284321337243854,-0.07862385321100918,0.8786944927250573,0.0,-0.004311926605504612
2026-06-29,5400.89990234375,5422.5,5301.0,5315.2001953125,2860034,0.0,-0.024733909116972486,0.3657035745813213,-0.03284321337243854,-0.055331894726301845,0.9090871138107194,-0.06763376176716808,0.01755339427662217
2026-06-30,5320.0,5409.5,5318.39990234375,5368.39990234375,1064890,0.0,0.01000897521755939,0.3656615380883118,-0.03284321337243854,-0.0758140241792179,0.9084820586834325,0.02737223880904781,0.004954939672925152
2026-07-01,5349.5,5412.0,5329.0,5399.0,668810,0.0,0.005700040647659277,0.36517751385947167,-0.03284321337243854,-0.035525061064549,0.911546580891716,0.015608958041603836,-0.050935358399703645
2026-07-02,5421.0,5464.0,5392.0,5444.0,990986,0.0,0.008334876829042326,0.3651746741152858,-0.03284321337243854,0.0011021307861867058,0.9126010286554004,0.022824355552563444,-0.039401175606171956
2026-07-03,5459.5,5476.5,5385.0,5426.5,504610,0.0,-0.00321454812637767,0.3661280952208247,-0.03284321337243854,0.004330599834147186,0.9242532036792822,-0.008779845306983093,-0.02110015663871745
2026-07-06,5413.0,5439.0,5389.5,5408.5,287276,0.0,-0.0033170551921127833,0.3647962776166359,-0.03284321337243854,-0.017250587905611514,0.9370250531570675,-0.009092897336714879,-0.03309605250993808
2026-07-07,5399.0,5430.0,5345.0,5395.0,511111,0.0,-0.002496070999352895,0.3431825454008644,-0.03284321337243854,-0.00493050929680261,0.9473160324591635,-0.007273303843889403,-0.05319740500463388
2026-07-08,5266.5,5319.5,5094.0,5124.0,2044081,0.0,-0.050231696014828575,0.3840706112861481,-0.03284321337243854,0.05366900858704127,1.0032640515222484,-0.1307876552666702,0.0091725214676035
2026-07-09,5124.0,5244.0,5105.0,5229.5,1176927,0.0,0.020589383294301378,0.3857987210641412,-0.03284321337243854,0.04101730566975803,0.9899760980749235,0.05336819858766793,0.0068840233291902475
2026-07-10,5260.0,5363.0,5260.0,5312.0,458026,0.0,0.0157758867960609,0.38424576970725804,-0.03284321337243854,0.021554969879518104,0.980270142153085,0.04105676009787261,-0.011954066265060237
2026-07-13,5175.0,5248.0,5141.5,5229.5,659838,0.0,-0.01553087349397586,0.36660003848871336,-0.03284321337243854,0.0342288937756956,0.9990725690792618,-0.042364624767511495,-9.561143512759607e-05
2026-07-14,5119.0,5131.5,5064.5,5108.0,1504890,0.0,-0.023233578736016836,0.36109917366276334,-0.03284321337243854,0.056186374314800336,1.0254600626468284,-0.06434126629794619,0.03856695379796404
2026-07-15,5125.0,5226.5,5125.0,5171.0,737971,0.0,0.012333594361785494,0.360464668300757,-0.03284321337243854,-0.00908915103461616,1.0157957851252781,0.034215819480362085,-0.010442854380197208
2026-07-16,5179.5,5280.0,5176.0,5265.5,996192,0.0,0.018274995165345143,0.3638674934731998,-0.03284321337243854,-0.0068369575538884675,0.9999743641911382,0.05022431239642472,-0.04595954800113944
2026-07-17,5265.5,5307.0,5225.0,5248.5,609593,0.0,-0.0032285632893362948,0.3543266074860097,-0.03284321337243854,0.012098694865199544,1.0053758244543083,-0.009111828268063355,-0.05020482042488328
2026-07-20,5189.5,5261.5,5120.5,5229.0,1230583,0.0,-0.0037153472420691225,0.35496743576836765,-0.03284321337243854,9.562057754819442e-05,1.0111130253902516,-0.01046672669947755,0.00019124115509661088
2026-07-21,5249.0,5325.0,5234.0,5305.0,920977,0.0,0.014534327787339762,0.3574033436570896,-0.03284321337243854,-0.037134778510838795,0.9998661667574811,0.04066645608839114,-0.006503298774740762
2026-07-22,5225.5,5225.5,5100.0,5117.0,1652164,0.0,-0.035438265786993384,0.3783468489122261,-0.03284321337243854,0.0105530584326754,1.0357201494787596,-0.09366607638525373,0.031170607777994963
2026-07-23,5065.0,5135.0,4972.5,5023.5,1110738,0.0,-0.01827242524916939,0.3415328733232877,-0.03284321337243854,0.048173584154473925,1.050752464393911,-0.05350121801265357,0.041206330247835155
2026-07-24,4950.0,5009.0,4886.0,4985.0,2880861,0.0,-0.00766397929730267,0.29357661441092286,-0.03284321337243854,0.052858575727181556,1.0542036118119984,-0.026105550170013887,0.037311935807422314
