date,open,high,low,close,volume,daily_return,rolling_volatility_ann,var_95_threshold,qlib_momentum_5d,qlib_mean_reversion_20d,qlib_vol_normalized_return,target_forward_return_5d
2025-02-26,2419.4174757281553,2469.4174757281553,2399.4174757281553,2439.4174757281553,218886,0.0001990366625532758,3.917677823980357e-06,0.00018602401729376217,-0.00099498527421793,0.998109527978986,50.67540451970411,0.00099498527421793
2025-02-27,2419.902912621359,2469.902912621359,2399.902912621359,2439.902912621359,405318,0.00019899705484349717,3.916115653242116e-06,0.00018602401729376217,-0.000994787314472112,0.998109904102503,50.685479598434384,0.000994787314472223
2025-02-28,2420.3883495145633,2470.3883495145633,2400.3883495145633,2440.3883495145633,173922,0.00019895746289466665,3.914554416232274e-06,0.00018602401729376217,-0.0009945894334819627,0.9981102800763844,50.69555465246259,0.0009945894334817407
2025-03-03,2420.873786407767,2470.873786407767,2400.873786407767,2440.873786407767,367348,0.00019891788669634813,3.912994112750538e-06,0.00018602401729376217,-0.0009943916311999645,0.99811065590072,50.70562967449379,0.0009943916312000756
2025-03-04,2421.359223300971,2471.359223300971,2401.359223300971,2441.359223300971,430492,0.00019887832623988189,3.911434742485777e-06,0.00018602401729376217,-0.0009941939075797102,0.9981110315755986,50.71570465911004,0.0009941939075797102
2025-03-05,2421.8446601941746,2471.8446601941746,2401.8446601941746,2441.8446601941746,111981,0.00019883878151594203,3.909876303875502e-06,0.00018602401729376217,-0.000993996262574015,0.9981114071011093,50.725779616911424,0.0009939962625742371
2025-03-06,2422.330097087379,2472.330097087379,2402.330097087379,2442.330097087379,332863,0.00019879925251498065,3.908318796181238e-06,0.00018602401729376217,-0.00099379869613625,0.9981117824773412,50.735854547804735,0.000993798696136139
2025-03-07,2422.8155339805826,2472.8155339805826,2402.8155339805826,2442.8155339805826,283190,0.00019875973922722778,3.906762218890747e-06,0.00018602401729376217,-0.0009936012082190082,0.9981121577043837,50.74592944871641,0.0009936012082190082
2025-03-10,2423.3009708737864,2473.3009708737864,2403.3009708737864,2443.3009708737864,477615,0.00019872024164380164,3.905206571778126e-06,0.00018602401729376217,-0.0009934037987761046,0.9981125327823253,50.756004313088155,0.0009934037987759936
2025-03-11,2423.78640776699,2473.78640776699,2403.78640776699,2443.78640776699,144606,0.0001986807597551543,3.903651853735002e-06,0.00018602401729376217,-0.0009932064677604657,0.998112907711255,50.76607914563042,0.0009932064677606878
2025-03-12,2424.2718446601943,2474.2718446601943,2404.2718446601943,2444.2718446601943,185194,0.00019864129355218196,3.902098063653859e-06,0.00018602401729376217,-0.0009930092151256842,0.9981132824912616,50.776153951175,0.0009930092151255732
2025-03-13,2424.757281553398,2474.757281553398,2404.757281553398,2444.757281553398,301290,0.00019860184302511463,3.900545201051312e-06,0.00018602401729376217,-0.0009928120408243535,0.9981136571224336,50.786228726296905,0.0009928120408244645
2025-03-14,2425.242718446602,2475.242718446602,2405.242718446602,2445.242718446602,347161,0.0001985624081648485,3.898993265501814e-06,0.00018602401729376217,-0.0009926149448105104,0.9981140316048598,50.79630346698952,0.0009926149448105104
2025-03-17,2425.7281553398057,2475.7281553398057,2405.7281553398057,2445.7281553398057,408234,0.00019852298896205767,3.897442256067932e-06,0.00018602401729376217,-0.0009924179270374145,0.998114405938629,50.80637817584329,0.0009924179270375255
2025-03-18,2426.21359223301,2476.21359223301,2406.21359223301,2446.21359223301,109325,0.00019848358540763833,3.895892171613797e-06,0.00018602401729376217,-0.0009922209874584365,0.998114780123829,50.816452858101016,0.0009922209874582144
2025-03-19,2426.6990291262136,2476.6990291262136,2406.6990291262136,2446.6990291262136,475409,0.00019844419749159847,3.8943430116837085e-06,0.00018602401729376217,-0.0009920241260267249,0.9981151541605491,50.82652750994371,0.0009920241260266138
2025-03-20,2427.1844660194174,2477.1844660194174,2407.1844660194174,2447.1844660194174,315488,0.00019840482520527836,3.892794775966662e-06,0.00018602401729376217,-0.0009918273426960944,0.9981155280488774,50.83660212600765,0.0009918273426960944
2025-03-21,2427.669902912621,2477.669902912621,2407.669902912621,2447.669902912621,378010,0.00019836546853913006,3.891247463439625e-06,0.00018602401729376217,-0.0009916306374201378,0.9981159017889017,50.84667670997639,0.0009916306374202488
2025-03-24,2428.1553398058254,2478.1553398058254,2408.1553398058254,2448.1553398058254,145390,0.0001983261274842718,3.889701072654272e-06,0.00018602401729376217,-0.0009914340101524477,0.9981162753807107,50.8567512712671,0.0009914340101522257
2025-03-25,2428.640776699029,2478.640776699029,2408.640776699029,2448.640776699029,422038,0.00019828680203048954,3.888155603524146e-06,0.00018602401729376217,-0.0009912374608460617,0.9981166488243924,50.86682580121415,0.0009912374608460617
2025-03-26,2429.126213592233,2479.126213592233,2409.126213592233,2449.126213592233,322326,0.00019824749216912352,3.886611055880085e-06,0.00018602401729376217,-0.0009910409894552386,0.998117022120035,50.87690029261787,0.0009910409894553496
2025-03-27,2429.6116504854367,2479.6116504854367,2409.6116504854367,2449.6116504854367,466366,0.00019820819789106991,3.885067428017373e-06,0.00018602401729376217,-0.000990844595933571,0.9981173952677262,50.88697475821614,0.000990844595933682
2025-03-28,2430.097087378641,2480.097087378641,2410.097087378641,2450.097087378641,172226,0.0001981689191867808,3.883524719680804e-06,0.00018602401729376217,-0.0009906482802347627,0.9981177682675542,50.89704919172234,0.0009906482802344296
2025-03-31,2430.5825242718447,2480.5825242718447,2410.5825242718447,2450.5825242718447,469941,0.00019812965604693034,3.881982929676276e-06,0.00018602401729376217,-0.0009904520423120733,0.9981181411196068,50.90712359918038,0.0009904520423120733
2025-04-01,2431.0679611650485,2481.0679611650485,2411.0679611650485,2451.0679611650485,120065,0.00019809040846241466,3.88044205800491e-06,0.00018602401729376217,-0.0009902558821198726,0.998118513823972,50.91719797107042,0.0009902558821199836
2025-04-02,2431.5533980582522,2481.5533980582522,2411.5533980582522,2451.5533980582522,378028,0.0001980511764239079,3.878902103814328e-06,0.00018602401729376217,-0.0009900597996118643,0.9981188863807374,50.927272308977535,0.0009900597996119753
2025-04-03,2432.0388349514565,2482.0388349514565,2412.0388349514565,2452.0388349514565,333501,0.0001980119599225283,3.877363065684474e-06,0.00018602401729376217,-0.0009898637947419742,0.9981192587899904,50.93734662205085,0.0009898637947418631
2025-04-04,2432.5242718446602,2482.5242718446602,2412.5242718446602,2452.5242718446602,234666,0.0001979727589482838,3.8758249434154415e-06,0.00018602401729376217,-0.0009896678674636838,0.9981196310518191,50.94742090318559,0.0009896678674636838
2025-04-07,2433.009708737864,2483.009708737864,2413.009708737864,2453.009708737864,257482,0.00019793357349273677,3.874287736298379e-06,0.00018602401729376217,-0.0009894720177312522,0.9981200031663106,50.95749515234474,0.0009894720177312522
2025-04-08,2433.4951456310678,2483.4951456310678,2413.4951456310678,2453.4951456310678,479443,0.0001978944035461172,3.872751443736132e-06,0.00018602401729376217,-0.0009892762454987158,0.9981203751335523,50.96756936768933,0.0009892762454988269
2025-04-09,2433.980582524272,2483.980582524272,2413.980582524272,2453.980582524272,142895,0.00019785524909998742,3.8712160643663605e-06,0.00018602401729376217,-0.0009890805507202227,0.9981207469536318,50.97764355777726,0.0009890805507200007
2025-04-10,2434.4660194174758,2484.4660194174758,2414.4660194174758,2454.4660194174758,487570,0.00019781611014391132,3.8696815981304955e-06,0.00018602401729376217,-0.0009888849333491434,0.9981211186266364,50.98771771354461,0.0009888849333490324
2025-04-11,2434.9514563106795,2484.9514563106795,2414.9514563106795,2454.9514563106795,197496,0.0001977769866698953,3.86814804392217e-06,0.00018602401729376217,-0.0009886893933401808,0.9981214901526535,50.99779184032214,0.0009886893933401808
2025-04-14,2435.4368932038833,2485.4368932038833,2415.4368932038833,2455.4368932038833,372785,0.00019773787866794734,3.866615401428331e-06,0.00018602401729376217,-0.0009884939306472607,0.9981218615317703,51.0078659325068,0.0009884939306474827
2025-04-15,2435.9223300970875,2485.9223300970875,2415.9223300970875,2455.9223300970875,122317,0.00019769878612962977,3.865083669343105e-06,0.00018602401729376217,-0.0009882985452246418,0.9981222327640734,51.017939997962216,0.0009882985452245308
2025-04-16,2436.4077669902913,2486.4077669902913,2416.4077669902913,2456.4077669902913,232150,0.00019765970904495056,3.8635528471539375e-06,0.00018602401729376217,-0.000988103237026139,0.9981226038496502,51.02801403372604,0.00098810323702625
2025-04-17,2436.893203883495,2486.893203883495,2416.893203883495,2456.893203883495,434732,0.00019762064740524998,3.862022934577865e-06,0.00018602401729376217,-0.000987908006006455,0.9981229747885878,51.038088034154406,0.000987908006006455
2025-04-18,2437.378640776699,2487.378640776699,2417.378640776699,2457.378640776699,194691,0.00019758160120120216,3.860493930705495e-06,0.00018602401729376217,-0.0009877128521196266,0.9981233455809728,51.04816200168746,0.0009877128521198486
2025-04-21,2437.864077669903,2487.864077669903,2417.864077669903,2457.864077669903,340929,0.00019754257042414736,3.858965834316278e-06,0.00018602401729376217,-0.0009875177753201347,0.998123716226892,51.05823594305712,0.0009875177753198017
2025-04-22,2438.349514563107,2488.349514563107,2418.349514563107,2458.349514563107,203867,0.00019750355506387152,3.857438645038915e-06,0.00018602401729376217,-0.0009873227755616831,0.9981240867264325,51.06830985340278,0.0009873227755616831
2025-04-23,2438.8349514563106,2488.8349514563106,2418.8349514563106,2458.8349514563106,348472,0.00019746455511238103,3.8559123622220695e-06,0.00018602401729376217,-0.0009871278527994187,0.998124457079681,51.078383732134405,0.0009871278527995297
2025-04-24,2439.3203883495144,2489.3203883495144,2419.3203883495144,2459.3203883495144,234080,0.00019742557055990595,3.854386985297283e-06,0.00018602401729376217,-0.0009869330069874893,0.9981248272867238,51.088457577112514,0.0009869330069876003
2025-04-25,2439.8058252427186,2489.8058252427186,2419.8058252427186,2459.8058252427186,187793,0.00019738660139756448,3.85286251312808e-06,0.00018602401729376217,-0.0009867382380803758,0.9981251973476475,51.09853139394397,0.0009867382380801537
2025-04-28,2440.2912621359224,2490.2912621359224,2420.2912621359224,2460.2912621359224,364432,0.00019734764761603074,3.851338945231358e-06,0.00018602401729376217,-0.0009865435460321148,0.9981255672625391,51.108605179493345,0.0009865435460321148
2025-04-29,2440.776699029126,2490.776699029126,2420.776699029126,2460.776699029126,327372,0.00019730870920642296,3.849816280925861e-06,0.00018602401729376217,-0.0009863489307977424,0.9981259370314843,51.11867893336472,0.0009863489307977424
2025-04-30,2441.26213592233,2491.26213592233,2421.26213592233,2461.26213592233,450513,0.00019726978615941526,3.848294519643192e-06,0.00018602401729376217,-0.0009861543923316285,0.9981263066545699,51.12875265355803,0.0009861543923317395
2025-05-01,2441.747572815534,2491.747572815534,2421.747572815534,2461.747572815534,139863,0.00019723087846656995,3.846773660077784e-06,0.00018602401729376217,-0.0009859599305885869,0.9981266761318821,51.13882634808084,0.0009859599305883648
2025-05-02,2442.233009708738,2492.233009708738,2422.233009708738,2462.233009708738,480957,0.00019719198611767297,3.8452537019438055e-06,0.00018602401729376217,-0.0009857655455226544,0.9981270454635068,51.14890001097709,0.0009857655455225434
2025-05-05,2442.7184466019417,2492.7184466019417,2422.7184466019417,2462.7184466019417,193661,0.00019715310910450867,3.84373464481653e-06,0.00018602401729376217,-0.000985571237088978,0.9981274146495309,51.158973638646785,0.000985571237088978
2025-05-06,2443.2038834951454,2493.2038834951454,2423.2038834951454,2463.2038834951454,191723,0.0001971142474177512,3.842216487587671e-06,0.00018602401729376217,-0.0009853770052421496,0.9981277836900398,51.169047236280264,0.0009853770052423716
2025-05-07,2443.6893203883496,2493.6893203883496,2423.6893203883496,2463.6893203883496,253712,0.00019707540104851873,3.840699229661426e-06,0.00018602401729376217,-0.000985182849937094,0.9981281525851197,51.17912080239169,0.000985182849936983
2025-05-08,2444.1747572815534,2494.1747572815534,2424.1747572815534,2464.1747572815534,469850,0.00019703656998726338,3.839182870042036e-06,0.00018602401729376217,-0.0009849887711279592,0.9981285213348569,51.189194340644974,0.0009849887711279592
2025-05-09,2444.660194174757,2494.660194174757,2424.660194174757,2464.660194174757,464431,0.00019699775422554744,3.837667408589262e-06,0.00018602401729376217,-0.0009847947687701142,0.9981288899393367,51.19926784362482,0.0009847947687702252
2025-05-12,2445.145631067961,2495.145631067961,2425.145631067961,2465.145631067961,235559,0.00019695895375404504,3.836152843967196e-06,0.00018602401729376217,-0.0009846008428182618,0.9981292583986453,51.20934131959445,0.0009846008428184838
2025-05-13,2445.631067961165,2495.631067961165,2425.631067961165,2465.631067961165,471514,0.0001969201685638744,3.834639175722136e-06,0.00018602401729376217,-0.000984406993227438,0.9981296267128681,51.21941476520667,0.000984406993227216
2025-05-14,2446.116504854369,2496.116504854369,2426.116504854369,2466.116504854369,253692,0.0001968813986454876,3.833126403085663e-06,0.00018602401729376217,-0.0009842132199519016,0.9981299948820912,51.22948818113572,0.0009842132199520126
2025-05-15,2446.6019417475727,2496.6019417475727,2426.6019417475727,2466.6019417475727,400915,0.00019684264399044693,3.831614525604471e-06,0.00018602401729376217,-0.0009840195229472437,0.9981303629064001,51.23956156415098,0.0009840195229475768
2025-05-16,2447.0873786407765,2497.0873786407765,2427.0873786407765,2467.0873786407765,271484,0.00019680390458942654,3.830103542596547e-06,0.00018602401729376217,-0.0009838259021682783,0.9981307307858802,51.24963491384257,0.0009838259021683893
2025-05-19,2447.5728155339807,2497.5728155339807,2427.5728155339807,2467.5728155339807,304075,0.00019676518043376667,3.828593453153549e-06,0.00018602401729376217,-0.0009836323575701522,0.9981310985206169,51.259708233003074,0.0009836323575700412
2025-05-20,2448.0582524271845,2498.0582524271845,2428.0582524271845,2468.0582524271845,482638,0.00019672647151391942,3.827084256421938e-06,0.00018602401729376217,-0.0009834388891073464,0.9981314661106959,51.269781523475295,0.0009834388891074575
2025-05-21,2448.5436893203882,2498.5436893203882,2428.5436893203882,2468.5436893203882,439476,0.00019668777782144709,3.825575952261321e-06,0.00018602401729376217,-0.000983245496735563,0.9981318335562022,51.27985477786899,0.000983245496735563
2025-05-22,2449.0291262135925,2499.0291262135925,2429.0291262135925,2469.0291262135925,424212,0.00019664909934724584,3.824068539193995e-06,0.00018602401729376217,-0.000983052180409838,0.9981322008572214,51.28992800649979,0.000983052180409727
2025-05-23,2449.5145631067962,2499.5145631067962,2429.5145631067962,2469.5145631067962,202932,0.0001966104360819898,3.8225620170493306e-06,0.00018602401729376217,-0.0009828589400850962,0.9981325680138385,51.30000120216167,0.0009828589400848742
2025-05-26,2450.0,2500.0,2430.0,2470.0,178098,0.00019657178801701924,3.821056384918404e-06,0.00018602401729376217,-0.0009826657757162627,0.9981329350261388,51.310074367701056,0.0009826657757163737
2025-05-27,2450.4854368932038,2500.4854368932038,2430.4854368932038,2470.4854368932038,192533,0.00019653315514323033,3.819551642375353e-06,0.00018602401729376217,-0.0009824726872592615,0.9981333018942075,51.32014749938896,0.0009824726872593725
2025-05-28,2450.9708737864075,2500.9708737864075,2430.9708737864075,2470.9708737864075,123880,0.00019649453745174128,3.818047788596333e-06,0.00018602401729376217,-0.0009822796746689066,0.998133668618129,51.3302205988896,0.0009822796746690177
2025-05-29,2451.4563106796118,2501.4563106796118,2431.4563106796118,2471.4563106796118,340377,0.00019645593493389235,3.8165448227016e-06,0.00018602401729376217,-0.0009820867379006781,0.9981340351979886,51.34029366868658,0.0009820867379006781
2025-05-30,2451.9417475728155,2501.9417475728155,2431.9417475728155,2471.9417475728155,322315,0.00019641734758013563,3.8150427437237994e-06,0.00018602401729376217,-0.000981893876909723,0.9981344016338715,51.35036671222063,0.000981893876909723
2025-06-02,2452.4271844660193,2502.4271844660193,2432.4271844660193,2472.4271844660193,259949,0.00019637877538181137,3.8135415518344313e-06,0.00018602401729376217,-0.0009817010916515212,0.998134767925862,51.36043971788254,0.0009817010916517432
2025-06-03,2452.9126213592235,2502.9126213592235,2432.9126213592235,2472.9126213592235,110003,0.00019634021833048187,3.8120412454433075e-06,0.00018602401729376217,-0.000981508382081664,0.9981351340740449,51.370512697779354,0.0009815083820814419
2025-06-04,2453.3980582524273,2503.3980582524273,2433.3980582524273,2473.3980582524273,136322,0.0001963016764163772,3.8105418244360905e-06,0.00018602401729376217,-0.000981315748155298,0.9981355000785052,51.38058564385725,0.000981315748155076
2025-06-05,2453.883495145631,2503.883495145631,2433.883495145631,2473.883495145631,310768,0.00019626314963105962,3.809043287790118e-06,0.00018602401729376217,-0.0009811231898276818,0.9981358659393272,51.390658560622626,0.0009811231898275707
2025-06-06,2454.368932038835,2504.368932038835,2434.368932038835,2474.368932038835,274576,0.00019622463796542533,3.807545635420561e-06,0.00018602401729376217,-0.00098093070705485,0.9981362316565957,51.400731439798015,0.000980930707054961
2025-06-09,2454.854368932039,2504.854368932039,2434.854368932039,2474.854368932039,282152,0.00019618614141103663,3.8060488658221147e-06,0.00018602401729376217,-0.000980738299792172,0.9981365972303952,51.41080429240547,0.00098073829979195
2025-06-10,2455.339805825243,2505.339805825243,2435.339805825243,2475.339805825243,203604,0.0001961476599583456,3.8045529787385524e-06,0.00018602401729376217,-0.0009805459679949058,0.9981369626608096,51.42087711237146,0.0009805459679950168
2025-06-11,2455.8252427184466,2505.8252427184466,2435.8252427184466,2475.8252427184466,243783,0.00019610919359891454,3.8030579730904538e-06,0.00018602401729376217,-0.0009803537116190864,0.9981373279479236,51.43094990501012,0.0009803537116190864
2025-06-12,2456.3106796116504,2506.3106796116504,2436.3106796116504,2476.3106796116504,183702,0.00019607074232386168,3.8015638485378497e-06,0.00018602401729376217,-0.0009801615306201938,0.9981376930918217,51.441022665559224,0.0009801615306204159
2025-06-13,2456.7961165048546,2506.7961165048546,2436.7961165048546,2476.7961165048546,317564,0.00019603230612408318,3.8000706042848592e-06,0.00018602401729376217,-0.0009799694249540414,0.9981380580925874,51.45109539535107,0.0009799694249539304
2025-06-16,2457.2815533980583,2507.2815533980583,2437.2815533980583,2477.2815533980583,144369,0.00019599388499069725,3.7985782399622937e-06,0.00018602401729376217,-0.000979777394575887,0.9981384229503055,51.461168090021346,0.000979777394575887
2025-06-17,2457.766990291262,2507.766990291262,2437.766990291262,2477.766990291262,119290,0.00019595547891504417,3.797086754462115e-06,0.00018602401729376217,-0.0009795854394419878,0.9981387876650603,51.47124075525034,0.0009795854394418768
2025-06-18,2458.252427184466,2508.252427184466,2438.252427184466,2478.252427184466,367172,0.00019591708788846418,3.7955961471888937e-06,0.00018602401729376217,-0.000979393559507935,0.998139152236935,51.48131338980455,0.000979393559508157
2025-06-19,2458.73786407767,2508.73786407767,2438.73786407767,2478.73786407767,296380,0.00019587871190163142,3.7941064174600538e-06,0.00018602401729376217,-0.0009792017547296528,0.9981395166660137,51.491385993459346,0.0009792017547294307
2025-06-20,2459.223300970874,2509.223300970874,2439.223300970874,2479.223300970874,282353,0.00019584035094588614,3.7926175644799573e-06,0.00018602401729376217,-0.000979010025062621,0.998139880952381,51.50145856770351,0.000979010025062621
2025-06-23,2459.7087378640776,2509.7087378640776,2439.7087378640776,2479.7087378640776,315058,0.00019580200501256861,3.791129587709576e-06,0.00018602401729376217,-0.000978818370463097,0.99814024509612,51.51153111055913,0.000978818370463097
2025-06-24,2460.1941747572814,2510.1941747572814,2440.1941747572814,2480.1941747572814,225040,0.000195763674092575,3.7896424865804334e-06,0.00018602401729376217,-0.000978626790887005,0.9981406090973147,51.52160362033339,0.000978626790887116
2025-06-25,2460.6796116504856,2510.6796116504856,2440.6796116504856,2480.6796116504856,146779,0.0001957253581774676,3.788156260212533e-06,0.00018602401729376217,-0.000978435286290269,0.9981409729560488,51.53167609973883,0.000978435286290047
2025-06-26,2461.1650485436894,2511.1650485436894,2441.1650485436894,2481.1650485436894,296560,0.00019568705725792057,3.786670908321338e-06,0.00018602401729376217,-0.0009782438566284801,0.9981413366724056,51.54174854318405,0.0009782438566285911
2025-06-27,2461.650485436893,2511.650485436893,2441.650485436893,2481.650485436893,219048,0.00019564877132571823,3.7851864294298154e-06,0.00018602401729376217,-0.0009780525018582287,0.9981417002464693,51.5518209615627,0.0009780525018583397
2025-06-30,2462.135922330097,2512.135922330097,2442.135922330097,2482.135922330097,100387,0.0001956105003715347,3.783702823594864e-06,0.00018602401729376217,-0.0009778612219353278,0.9981420636783228,51.56189334466022,0.0009778612219355498
2025-07-01,2462.621359223301,2512.621359223301,2442.621359223301,2482.621359223301,187903,0.00019557224438715437,3.7822200897662683e-06,0.00018602401729376217,-0.0009776700168160346,0.9981424269680497,51.57196569759441,0.0009776700168158126
2025-07-02,2463.106796116505,2513.106796116505,2443.106796116505,2483.106796116505,466283,0.00019553400336302929,3.78073822723228e-06,0.00018602401729376217,-0.0009774788864560513,0.9981427901157336,51.58203802054512,0.0009774788864560513
2025-07-03,2463.5922330097087,2513.5922330097087,2443.5922330097087,2483.5922330097087,359160,0.00019549577729116585,3.7792572353693635e-06,0.00018602401729376217,-0.000977287830811857,0.9981431531214574,51.592110312909284,0.000977287830811857
2025-07-04,2464.0776699029125,2514.0776699029125,2444.0776699029125,2484.0776699029125,117575,0.0001954575661622382,3.7777771136941032e-06,0.00018602401729376217,-0.0009770968498397092,0.9981435159853045,51.60218257182889,0.0009770968498399313
2025-07-07,2464.5631067961167,2514.5631067961167,2444.5631067961167,2484.5631067961167,317756,0.00019541936996803067,3.7762978612700446e-06,0.00018602401729376217,-0.000976905943495865,0.998143878707358,51.61225480091542,0.0009769059434956429
2025-07-08,2465.0485436893205,2515.0485436893205,2445.0485436893205,2485.0485436893205,259293,0.00019538118869899535,3.7748194775844414e-06,0.00018602401729376217,-0.0009767151117361372,0.9981442412877011,51.62232699766492,0.0009767151117361372
2025-07-09,2465.5339805825242,2515.5339805825242,2445.5339805825242,2485.5339805825242,256645,0.00019534302234713863,3.7733419619851324e-06,0.00018602401729376217,-0.0009765243545173385,0.998144603726417,51.63239916188847,0.0009765243545174496
2025-07-10,2466.019417475728,2516.019417475728,2446.019417475728,2486.019417475728,413248,0.0001953048709033567,3.7718653137332537e-06,0.00018602401729376217,-0.000976333671795615,0.9981449660235883,51.64247129429425,0.0009763336717958371
2025-07-11,2466.5048543689322,2516.5048543689322,2446.5048543689322,2486.5048543689322,478978,0.00019526673435921182,3.770389531692793e-06,0.00018602401729376217,-0.000976143063527557,0.9981453281792978,51.65254340120203,0.0009761430635273349
2025-07-14,2466.990291262136,2516.990291262136,2446.990291262136,2486.990291262136,381989,0.00019522861270537817,3.7689146158348045e-06,0.00018602401729376217,-0.0009759525296688665,0.9981456901936291,51.66261547358354,0.0009759525296688665
2025-07-15,2467.4757281553398,2517.4757281553398,2447.4757281553398,2487.4757281553398,144122,0.00019519050593364007,3.76744056547815e-06,0.00018602401729376217,-0.0009757620701767999,0.998146052066664,51.67268751161219,0.0009757620701766889
2025-07-16,2467.9611650485435,2517.9611650485435,2447.9611650485435,2487.9611650485435,300367,0.00019515241403533778,3.7659673796289228e-06,0.00018602401729376217,-0.0009755716850073926,0.998146413798486,51.68275951963231,0.0009755716850075036
2025-07-17,2468.4466019417478,2518.4466019417478,2448.4466019417478,2488.4466019417478,265183,0.00019511433700158953,3.764495057263983e-06,0.00018602401729376217,-0.0009753813741174566,0.9981467753891771,51.69283150234723,0.0009753813741171236
2025-07-18,2468.9320388349515,2518.9320388349515,2448.9320388349515,2488.9320388349515,200411,0.00019507627482351353,3.7630235982413024e-06,0.00018602401729376217,-0.0009751911374629163,0.9981471368388203,51.702903452404406,0.0009751911374629163
2025-07-21,2469.4174757281553,2519.4174757281553,2449.4174757281553,2489.4174757281553,450863,0.00019503822749245003,3.761553002134734e-06,0.00018602401729376217,-0.000975000975000917,0.9981474981474983,51.71297536639591,0.000975000975000917
2025-07-22,2469.902912621359,2519.902912621359,2449.902912621359,2489.902912621359,462522,0.0001950001950001834,3.760083267666465e-06,0.00018602401729376217,-0.0009748108866879379,0.9981478593152929,51.72304725271517,0.0009748108866880489
2025-07-23,2470.3883495145633,2520.3883495145633,2450.3883495145633,2490.3883495145633,374766,0.00019496217733783183,3.758614394240401e-06,0.00018602401729376217,-0.0009746208724807914,0.9981482203422868,51.733119110247486,0.0009746208724805694
2025-07-24,2470.873786407767,2520.873786407767,2450.873786407767,2490.873786407767,436122,0.00019492417449606947,3.7571463815995574e-06,0.00018602401729376217,-0.0009744309323355127,0.9981485812285625,51.74319093310711,0.0009744309323354017
2025-07-25,2471.359223300971,2521.359223300971,2451.359223300971,2491.359223300971,213038,0.00019488618646712474,3.755679228978274e-06,0.00018602401729376217,-0.0009742410662093581,0.9981489419742021,51.75326272280563,0.0009742410662094692
2025-07-28,2471.8446601941746,2521.8446601941746,2451.8446601941746,2491.8446601941746,363311,0.00019484821324189383,3.754212935438565e-06,0.00018602401729376217,-0.000974051274059029,0.9981493025792878,51.763334482881014,0.0009740512740592511
2025-07-29,2472.330097087379,2522.330097087379,2452.330097087379,2492.330097087379,367221,0.00019481025481193903,3.75274750046985e-06,0.00018602401729376217,-0.0009738615558413377,0.9981496630439015,51.773406211183,0.0009738615558412267
2025-07-30,2472.8155339805826,2522.8155339805826,2452.8155339805826,2492.8155339805826,331927,0.00019477231116815652,3.7512829233892027e-06,0.00018602401729376217,-0.0009736719115126524,0.9981500233681257,51.78347790775915,0.0009736719115125414
2025-07-31,2473.3009708737864,2523.3009708737864,2453.3009708737864,2493.3009708737864,167477,0.0001947343823025527,3.749819203686764e-06,0.00018602401729376217,-0.0009734823410303406,0.9981503835520422,51.79354957057565,0.0009734823410303406
2025-08-01,2473.78640776699,2523.78640776699,2453.78640776699,2493.78640776699,221358,0.0001946964682060237,3.7483563404527137e-06,0.00018602401729376217,-0.0009732928443509925,0.9981507435957332,51.80362120281855,0.0009732928443511035
2025-08-04,2474.2718446601943,2524.2718446601943,2454.2718446601943,2494.2718446601943,463778,0.00019465856887035393,3.746894332977766e-06,0.00018602401729376217,-0.0009731034214317535,0.9981511034992799,51.813692805159334,0.0009731034214315315
2025-08-05,2474.757281553398,2524.757281553398,2454.757281553398,2494.757281553398,492300,0.00019462068428621748,3.745433180749179e-06,0.00018602401729376217,-0.000972914072229103,0.9981514632627647,51.82376437527034,0.000972914072228992
2025-08-06,2475.242718446602,2525.242718446602,2455.242718446602,2495.242718446602,350885,0.0001945828144458428,3.743972883200403e-06,0.00018602401729376217,-0.0009727247967005193,0.9981518228862689,51.83383591198284,0.0009727247967004082
2025-08-07,2475.7281553398057,2525.7281553398057,2455.7281553398057,2495.7281553398057,424390,0.00019454495934012606,3.742513439450225e-06,0.00018602401729376217,-0.0009725355948027037,0.9981521823698748,51.84390741812467,0.0009725355948029257
2025-08-08,2476.21359223301,2526.21359223301,2456.21359223301,2496.21359223301,216720,0.00019450711896062955,3.7410548488740183e-06,0.00018602401729376217,-0.0009723464664930237,0.9981525417136633,51.8539788931682,0.0009723464664928017
2025-08-11,2476.6990291262136,2526.6990291262136,2456.6990291262136,2496.6990291262136,360637,0.0001944692932984715,3.7395971108175753e-06,0.00018602401729376217,-0.0009721574117280696,0.9981529009177165,51.86405033688239,0.0009721574117280696
2025-08-12,2477.1844660194174,2527.1844660194174,2457.1844660194174,2497.1844660194174,204727,0.00019443148234565832,3.7381402246573247e-06,0.00018602401729376217,-0.0009719684304653198,0.9981532599821159,51.87412174885594,0.0009719684304654308
2025-08-13,2477.669902912621,2527.669902912621,2457.669902912621,2497.669902912621,198296,0.00019439368609308616,3.7366841898246678e-06,0.00018602401729376217,-0.0009717795226618087,0.9981536189069424,51.88419312762604,0.0009717795226620307
2025-08-14,2478.1553398058254,2528.1553398058254,2458.1553398058254,2498.1553398058254,150230,0.00019435590453253937,3.735229005183438e-06,0.00018602401729376217,-0.0009715906882750147,0.9981539776922779,51.89426447983519,0.0009715906882747927
2025-08-15,2478.640776699029,2528.640776699029,2458.640776699029,2498.640776699029,267592,0.00019431813765491412,3.7337746705340496e-06,0.00018602401729376217,-0.0009714019272614172,0.9981543363382034,51.90433579892634,0.0009714019272613061
2025-08-18,2479.126213592233,2529.126213592233,2459.126213592233,2499.126213592233,374688,0.00019428038545221682,3.7323211851671263e-06,0.00018602401729376217,-0.0009712132395788275,0.9981546948448002,51.91440708570303,0.0009712132395789386
2025-08-19,2479.6116504854367,2529.6116504854367,2459.6116504854367,2499.6116504854367,220483,0.00019424264791578771,3.7308685485150803e-06,0.00018602401729376217,-0.0009710246251845023,0.9981550532121495,51.924478338831605,0.0009710246251846133
2025-08-20,2480.097087378641,2530.097087378641,2460.097087378641,2500.097087378641,211807,0.00019420492503696707,3.729416759526323e-06,0.00018602401729376217,-0.0009708360840356978,0.9981554114403323,51.93454956370449,0.0009708360840354757
2025-08-21,2480.5825242718447,2530.5825242718447,2460.5825242718447,2500.5825242718447,193750,0.00019416721680709514,3.7279658175469712e-06,0.00018602401729376217,-0.0009706476160894484,0.99815576952943,51.944620760207165,0.0009706476160893374
2025-08-22,2481.0679611650485,2531.0679611650485,2461.0679611650485,2501.0679611650485,411354,0.00019412952321773425,3.7265157226915557e-06,0.00018602401729376217,-0.0009704592213034546,0.9981561274795232,51.95469191760695,0.0009704592213035657
2025-08-25,2481.5533980582522,2531.5533980582522,2461.5533980582522,2501.5533980582522,400423,0.00019409184426066872,3.7250664734829396e-06,0.00018602401729376217,-0.000970270899635084,0.9981564852906932,51.96476304735712,0.000970270899635306
2025-08-26,2482.0388349514565,2532.0388349514565,2462.0388349514565,2502.0388349514565,359198,0.00019405417992723883,3.7236180692397247e-06,0.00018602401729376217,-0.0009700826510420368,0.9981568429630203,51.97483414974848,0.0009700826510419258
2025-08-27,2482.5242718446602,2532.5242718446602,2462.5242718446602,2502.5242718446602,247452,0.00019401653020834075,3.722170509761968e-06,0.00018602401729376217,-0.0009698944754810146,0.9981572004965861,51.98490521825457,0.0009698944754810146
2025-08-28,2483.009708737864,2533.009708737864,2463.009708737864,2503.009708737864,449497,0.00019397889509620292,3.7207237944827392e-06,0.00018602401729376217,-0.0009697063729102728,0.9981575578914705,51.99497625181279,0.0009697063729101618
2025-08-29,2483.4951456310678,2533.4951456310678,2463.4951456310678,2503.4951456310678,495139,0.00019394127458194355,3.719277922492361e-06,0.00018602401729376217,-0.000969518343286957,0.9981579151477546,52.00504725384698,0.000969518343287179
2025-09-01,2483.980582524272,2533.980582524272,2463.980582524272,2503.980582524272,360750,0.00019390366865756903,3.7178328928543912e-06,0.00018602401729376217,-0.0009693303865691005,0.9981582722655189,52.01511822840791,0.0009693303865689895
2025-09-02,2484.4660194174758,2534.4660194174758,2464.4660194174758,2504.4660194174758,331795,0.0001938660773137535,3.716388705198212e-06,0.00018602401729376217,-0.0009691425027135159,0.998158629244844,52.02518917130559,0.0009691425027136269
2025-09-03,2484.9514563106795,2534.9514563106795,2464.9514563106795,2504.9514563106795,185538,0.00019382850054272538,3.7149453591558787e-06,0.00018602401729376217,-0.0009689546916785696,0.9981589860858106,52.03526007872756,0.0009689546916784586
2025-09-04,2485.4368932038833,2535.4368932038833,2465.4368932038833,2505.4368932038833,110167,0.0001937909383356029,3.7135028537890817e-06,0.00018602401729376217,-0.0009687669534216292,0.9981593427884988,52.045330954533554,0.0009687669534217402
2025-09-05,2485.9223300970875,2535.9223300970875,2465.9223300970875,2505.9223300970875,422881,0.00019375339068439246,3.7120611881896103e-06,0.00018602401729376217,-0.0009685792879006172,0.9981596993529891,52.05540180241718,0.0009685792879003952
2025-09-08,2486.4077669902913,2536.4077669902913,2466.4077669902913,2506.4077669902913,214065,0.00019371585757999021,3.7106203621010727e-06,0.00018602401729376217,-0.00096839169507279,0.9981600557793617,52.06547261666785,0.000968391695072679
2025-09-09,2486.893203883495,2536.893203883495,2466.893203883495,2506.893203883495,306409,0.0001936783390146246,3.7091803747576627e-06,0.00018602401729376217,-0.0009682041748964032,0.9981604120676969,52.075543399059924,0.0009682041748964032
2025-09-10,2487.378640776699,2537.378640776699,2467.378640776699,2507.378640776699,149068,0.00019364083497919182,3.707741225476498e-06,0.00018602401729376217,-0.0009680167273290463,0.9981607682180749,52.085614149858735,0.0009680167273291573
2025-09-11,2487.864077669903,2537.864077669903,2467.864077669903,2507.864077669903,163779,0.00019360334546592028,3.7063029133780044e-06,0.00018602401729376217,-0.0009678293523287529,0.9981611242305756,52.095684872453205,0.0009678293523285308
2025-09-12,2488.349514563107,2538.349514563107,2468.349514563107,2508.349514563107,235737,0.00019356587046570617,3.704865438006741e-06,0.00018602401729376217,-0.0009676420498528904,0.9981614801052794,52.10575556393947,0.0009676420498527794
2025-09-15,2488.8349514563106,2538.8349514563106,2468.8349514563106,2508.8349514563106,229068,0.00019352840997055587,3.7034287990511963e-06,0.00018602401729376217,-0.0009674548198598254,0.9981618358422663,52.11582621969312,0.0009674548198599364
2025-09-16,2489.3203883495144,2539.3203883495144,2469.3203883495144,2509.3203883495144,375963,0.0001934909639720317,3.70199299548865e-06,0.00018602401729376217,-0.0009672676623074805,0.9981621914416158,52.12589684495361,0.0009672676623075915
2025-09-17,2489.8058252427186,2539.8058252427186,2469.8058252427186,2509.8058252427186,191297,0.00019345353246169594,3.700558026466857e-06,0.00018602401729376217,-0.0009670805771537783,0.9981625469034079,52.13596744258431,0.0009670805771535562
2025-09-18,2490.2912621359224,2540.2912621359224,2470.2912621359224,2510.2912621359224,424600,0.00019341611543066684,3.699123891899888e-06,0.00018602401729376217,-0.0009668935643564192,0.9981629022277229,52.14603800456911,0.0009668935643563081
2025-09-19,2490.776699029126,2540.776699029126,2470.776699029126,2510.776699029126,133734,0.0001933787128711728,3.6976905910215384e-06,0.00018602401729376217,-0.0009667066238737698,0.9981632574146398,52.156108532749315,0.0009667066238736588
2025-09-22,2491.26213592233,2541.26213592233,2471.26213592233,2511.26213592233,497632,0.00019334132477477617,3.696258123036973e-06,0.00018602401729376217,-0.0009665197556637528,0.9981636124642388,52.16617902920073,0.0009665197556638638
2025-09-23,2491.747572815534,2541.747572815534,2471.747572815534,2511.747572815534,193833,0.00019330395113281718,3.694826487093399e-06,0.00018602401729376217,-0.0009663329596847348,0.9981639673765994,52.17624949676731,0.0009663329596845127
2025-09-24,2492.233009708738,2542.233009708738,2472.233009708738,2512.233009708738,210198,0.00019326659193685813,3.6933956825653215e-06,0.00018602401729376217,-0.0009661462358941941,0.9981643221518008,52.18631993516379,0.0009661462358943051
2025-09-25,2492.7184466019417,2542.7184466019417,2472.7184466019417,2512.7184466019417,459333,0.00019322924717890544,3.691965709141589e-06,0.00018602401729376217,-0.0009659595842509416,0.9981646767899232,52.196390339799066,0.0009659595842510527
2025-09-26,2493.2038834951454,2543.2038834951454,2473.2038834951454,2513.2038834951454,183565,0.0001931919168500773,3.6905365662248355e-06,0.00018602401729376217,-0.0009657730047128998,0.9981650312910454,52.20646070987627,0.0009657730047130109
2025-09-29,2493.6893203883496,2543.6893203883496,2473.6893203883496,2513.6893203883496,388787,0.00019315460094282422,3.6891082526516316e-06,0.00018602401729376217,-0.0009655864972385464,0.9981653856552469,52.21653105295451,0.0009655864972384354
2025-09-30,2494.1747572815534,2544.1747572815534,2474.1747572815534,2514.1747572815534,461571,0.00019311729944759826,3.6876807681643748e-06,0.00018602401729376217,-0.0009654000617855818,0.9981657398826074,52.22660136328284,0.0009654000617855818
2025-10-01,2494.660194174757,2544.660194174757,2474.660194174757,2514.660194174757,244986,0.00019308001235707195,3.686254112253369e-06,0.00018602401729376217,-0.0009652136983127058,0.9981660939732058,52.23667163926764,0.0009652136983127058
2025-10-02,2495.145631067961,2545.145631067961,2475.145631067961,2515.145631067961,265320,0.00019304273966258556,3.6848282839241e-06,0.00018602401729376217,-0.0009650274067782849,0.9981664479271212,52.24674188581347,0.000965027406778507
2025-10-03,2495.631067961165,2545.631067961165,2475.631067961165,2515.631067961165,115573,0.0001930054813557014,3.683403282864301e-06,0.00018602401729376217,-0.0009648411871406859,0.9981668017444327,52.25681209825052,0.0009648411871405749
2025-10-06,2496.116504854369,2546.116504854369,2476.116504854369,2516.116504854369,296011,0.00019296823742798175,3.6819791082494407e-06,0.00018602401729376217,-0.0009646550393578313,0.9981671554252198,52.26688227915732,0.0009646550393578313
2025-10-07,2496.6019417475727,2546.6019417475727,2476.6019417475727,2516.6019417475727,483370,0.00019293100787143302,3.6805557596828124e-06,0.00018602401729376217,-0.0009644689633887538,0.9981675089695614,52.276952425185584,0.0009644689633889758
2025-10-08,2497.0873786407765,2547.0873786407765,2477.0873786407765,2517.0873786407765,352346,0.00019289379267761753,3.679133236027647e-06,0.00018602401729376217,-0.000964282959191487,0.9981678623775362,52.28702254335494,0.000964282959191598
2025-10-09,2497.5728155339807,2547.5728155339807,2477.5728155339807,2517.5728155339807,324489,0.00019285659183854165,3.677711536631739e-06,0.00018602401729376217,-0.0009640970267249527,0.9981682156492229,52.297092633956915,0.0009640970267246196
2025-10-10,2498.0582524271845,2548.0582524271845,2478.0582524271845,2518.0582524271845,177422,0.0001928194053448795,3.676290661294393e-06,0.00018602401729376217,-0.0009639111659468513,0.9981685687847008,52.30716269052248,0.0009639111659469624
2025-10-13,2498.5436893203882,2548.5436893203882,2478.5436893203882,2518.5436893203882,425075,0.00019278223318930365,3.6748706093919126e-06,0.00018602401729376217,-0.0009637253768165488,0.9981689217840483,52.31723271312289,0.0009637253768166598
2025-10-14,2499.0291262135925,2549.0291262135925,2479.0291262135925,2519.0291262135925,297110,0.00019274507536337637,3.673451379958634e-06,0.00018602401729376217,-0.0009635396592925227,0.9981692746473444,52.32730270639298,0.0009635396592924117
2025-10-15,2499.5145631067962,2549.5145631067962,2479.5145631067962,2519.5145631067962,144670,0.00019270793185843793,3.6720329725394735e-06,0.00018602401729376217,-0.0009633540133329177,0.9981696273746675,52.337372667667495,0.0009633540133326957
2025-10-16,2500.0,2550.0,2480.0,2520.0,436753,0.00019267080266649472,3.6706153863106508e-06,0.00018602401729376217,-0.0009631684388965445,0.9981699799660964,52.34744259970687,0.0009631684388966555
2025-10-17,2500.4854368932038,2550.4854368932038,2480.4854368932038,2520.4854368932038,251574,0.0001926336877793311,3.669198621045909e-06,0.00018602401729376217,-0.0009629829359423248,0.9981703324217096,52.35751249672134,0.0009629829359425468
2025-10-20,2500.9708737864075,2550.9708737864075,2480.9708737864075,2520.9708737864075,280022,0.00019259658718850936,3.667782675921046e-06,0.00018602401729376217,-0.0009627975044288473,0.9981706847415852,52.367582361368434,0.0009627975044290693
2025-10-21,2501.4563106796118,2551.4563106796118,2481.4563106796118,2521.4563106796118,230691,0.00019255950088581386,3.6663675500835763e-06,0.00018602401729376217,-0.0009626121443148117,0.9981710369258018,52.37765219678221,0.0009626121443147007
2025-10-22,2501.9417475728155,2551.9417475728155,2481.9417475728155,2521.9417475728155,485953,0.0001925224288628069,3.664953243277685e-06,0.00018602401729376217,-0.0009624268555589177,0.998171388974438,52.38772199754478,0.0009624268555590287
2025-10-23,2502.4271844660193,2552.4271844660193,2482.4271844660193,2522.4271844660193,161649,0.00019248537111171693,3.663539754708872e-06,0.00018602401729376217,-0.0009622416381200871,0.9981717408875718,52.397791766097654,0.0009622416381203092
2025-10-24,2502.9126213592235,2552.9126213592235,2482.9126213592235,2522.9126213592235,216978,0.00019244832762410624,3.6621270833542886e-06,0.00018602401729376217,-0.0009620564919573527,0.9981720926652812,52.40786150797242,0.0009620564919572416
2025-10-27,2503.3980582524273,2553.3980582524273,2483.3980582524273,2523.3980582524273,275597,0.0001924112983913151,3.660715229441074e-06,0.00018602401729376217,-0.000961871417029081,0.9981724443076448,52.41793121081007,0.0009618714170289699
2025-10-28,2503.883495145631,2553.883495145631,2483.883495145631,2523.883495145631,374082,0.000192374283405794,3.6593041911793193e-06,0.00018602401729376217,-0.0009616864132943048,0.9981727958147406,52.42800089135282,0.0009616864132944158
2025-10-29,2504.368932038835,2554.368932038835,2484.368932038835,2524.368932038835,393979,0.00019233728265888317,3.6578939689960416e-06,0.00018602401729376217,-0.000961501480712279,0.9981731471866465,52.43807053439138,0.0009615014807125011
2025-10-30,2504.854368932039,2554.854368932039,2484.854368932039,2524.854368932039,219340,0.00019230029614258903,3.656484561669489e-06,0.00018602401729376217,-0.0009613166192418143,0.9981734984234408,52.448140148455295,0.0009613166192417033
2025-10-31,2505.339805825243,2555.339805825243,2485.339805825243,2525.339805825243,337929,0.00019226332384825184,3.6550759689717476e-06,0.00018602401729376217,-0.0009611318288416104,0.9981738495252009,52.45820972769417,0.0009611318288416104
2025-11-03,2505.8252427184466,2555.8252427184466,2485.8252427184466,2525.8252427184466,328185,0.00019222636576832208,3.65366818993779e-06,0.00018602401729376217,-0.0009609471094710331,0.998174200492005,52.468279277110554,0.0009609471094711441
2025-11-04,2506.3106796116504,2556.3106796116504,2486.3106796116504,2526.3106796116504,191020,0.00019218942189414,3.6522612243972336e-06,0.00018602401729376217,-0.0009607624610891152,0.9981745513239307,52.47834879003537,0.0009607624610892262
2025-11-05,2506.7961165048546,2556.7961165048546,2486.7961165048546,2526.7961165048546,455698,0.00019215249221793407,3.650855071185707e-06,0.00018602401729376217,-0.0009605778836548895,0.9981749020210557,52.48841827428535,0.0009605778836547785
2025-11-06,2507.2815533980583,2557.2815533980583,2487.2815533980583,2527.2815533980583,477404,0.00019211557673082247,3.6494497302171563e-06,0.00018602401729376217,-0.0009603933771272777,0.9981752525834581,52.498487721929195,0.0009603933771271667
2025-11-07,2507.766990291262,2557.766990291262,2487.766990291262,2527.766990291262,103243,0.00019207867542547774,3.6480451998157933e-06,0.00018602401729376217,-0.0009602089414656456,0.9981756030112153,52.50855714826874,0.0009602089414655346
2025-11-10,2508.252427184466,2558.252427184466,2488.252427184466,2528.252427184466,433915,0.0001920417882930181,3.6466414806640087e-06,0.00018602401729376217,-0.0009600245766291371,0.9981759533044047,52.5186265343534,0.0009600245766292481
2025-11-11,2508.73786407767,2558.73786407767,2488.73786407767,2528.73786407767,261427,0.00019200491532589403,3.6452385713416924e-06,0.00018602401729376217,-0.000959840282577118,0.9981763034631036,52.528695891775044,0.0009598402825770069
2025-11-12,2509.223300970874,2559.223300970874,2489.223300970874,2529.223300970874,104761,0.0001919680565154458,3.643836471280027e-06,0.00018602401729376217,-0.0009596560592682879,0.9981766534873902,52.53876521961443,0.0009596560592683989
2025-11-13,2509.7087378640776,2559.7087378640776,2489.7087378640776,2529.7087378640776,179491,0.00019193121185367978,3.642435180195327e-06,0.00018602401729376217,-0.0009594719066625679,0.9981770033773412,52.5488345130373,0.0009594719066625679
2025-11-14,2510.1941747572814,2560.1941747572814,2490.1941747572814,2530.1941747572814,436387,0.00019189438133238035,3.6410346975193006e-06,0.00018602401729376217,-0.0009592878247188796,0.9981773531330341,52.5589037712414,0.0009592878247191017
2025-11-17,2510.6796116504856,2560.6796116504856,2490.6796116504856,2530.6796116504856,354068,0.00019185756494399797,3.6396350218323663e-06,0.00018602401729376217,-0.0009591038133969221,0.9981777027545462,52.568973005873985,0.0009591038133967
2025-11-18,2511.1650485436894,2561.1650485436894,2491.1650485436894,2531.1650485436894,377626,0.00019182076267920678,3.6382361535310222e-06,0.00018602401729376217,-0.0009589198726553949,0.9981780522419545,52.579042201955325,0.0009589198726553949
2025-11-19,2511.650485436893,2561.650485436893,2491.650485436893,2531.650485436893,420822,0.0001917839745311234,3.636838091281318e-06,0.00018602401729376217,-0.0009587360024543301,0.9981784015953368,52.58911137010199,0.0009587360024543301
2025-11-20,2512.135922330097,2562.135922330097,2492.135922330097,2532.135922330097,187480,0.00019174720049086602,3.635440835054814e-06,0.00018602401729376217,-0.0009585522027528715,0.9981787508147695,52.59918050157653,0.0009585522027530935
2025-11-21,2512.621359223301,2562.621359223301,2492.621359223301,2532.621359223301,151324,0.0001917104405506631,3.6340443837150894e-06,0.00018602401729376217,-0.0009583684735108289,0.9981790999003296,52.609249603929094,0.0009583684735106068
2025-11-24,2513.106796116505,2563.106796116505,2493.106796116505,2533.106796116505,196681,0.00019167369470207696,3.6326487368071097e-06,0.00018602401729376217,-0.0009581848146870131,0.9981794488520946,52.6193186747083,0.0009581848146869021
2025-11-25,2513.5922330097087,2563.5922330097087,2493.5922330097087,2533.5922330097087,102888,0.000191636962937336,3.6312538940193506e-06,0.00018602401729376217,-0.0009580012262415671,0.9981797976701411,52.629387709572775,0.0009580012262415671
2025-11-26,2514.0776699029125,2564.0776699029125,2494.0776699029125,2534.0776699029125,277468,0.0001916002452482246,3.6298598543003037e-06,0.00018602401729376217,-0.0009578177081337458,0.9981801463545459,52.639456714757564,0.0009578177081339678
2025-11-27,2514.5631067961167,2564.5631067961167,2494.5631067961167,2534.5631067961167,370821,0.0001915635416269712,3.62846661677011e-06,0.00018602401729376217,-0.00095763426032347,0.9981804949053856,52.64952569415722,0.0009576342603232479
2025-11-28,2515.0485436893205,2565.0485436893205,2495.0485436893205,2535.0485436893205,337749,0.000191526852064694,3.6270741813140364e-06,0.00018602401729376217,-0.0009574508827696615,0.9981808433227375,52.65959464029886,0.0009574508827696615
2025-12-01,2515.5339805825242,2565.5339805825242,2495.5339805825242,2535.5339805825242,453553,0.00019149017655384348,3.625682547705642e-06,0.00018602401729376217,-0.0009572675754326854,0.998181191606678,52.6696635476842,0.0009572675754325743
2025-12-02,2516.019417475728,2566.019417475728,2496.019417475728,2536.019417475728,253776,0.00019145351508642605,3.624291714751699e-06,0.00018602401729376217,-0.0009570843382717964,0.9981815397572835,52.67973242470067,0.0009570843382720184
2025-12-03,2516.5048543689322,2566.5048543689322,2496.5048543689322,2536.5048543689322,328240,0.0001914168676544481,3.6229016817994934e-06,0.00018602401729376217,-0.0009569011712471376,0.9981818877746306,52.689801271922434,0.0009569011712469155
2025-12-04,2516.990291262136,2566.990291262136,2496.990291262136,2536.990291262136,462372,0.00019138023424947193,3.6215124481380382e-06,0.00018602401729376217,-0.0009567180743178527,0.9981822356587962,52.699870090655224,0.0009567180743177417
2025-12-05,2517.4757281553398,2567.4757281553398,2497.4757281553398,2537.4757281553398,336001,0.00019134361486350393,3.620124013909964e-06,0.00018602401729376217,-0.0009565350474440848,0.998182583409856,52.70993886994234,0.0009565350474440848
2025-12-08,2517.9611650485435,2567.9611650485435,2497.9611650485435,2537.9611650485435,160932,0.00019130700948877255,3.6187363777514477e-06,0.00018602401729376217,-0.0009563520905856437,0.9981829310278872,52.72000762075647,0.0009563520905857548
2025-12-09,2518.4466019417478,2568.4466019417478,2498.4466019417478,2538.4466019417478,417708,0.00019127041811728418,3.6173495392088693e-06,0.00018602401729376217,-0.0009561692037024505,0.9981832785129655,52.730076340809596,0.0009561692037023395
2025-12-10,2518.9320388349515,2568.9320388349515,2498.9320388349515,2538.9320388349515,173919,0.00019123384074037908,3.615963497826406e-06,0.00018602401729376217,-0.0009559863867537599,0.9981836258651676,52.740145027663615,0.0009559863867538709
2025-12-11,2519.4174757281553,2569.4174757281553,2499.4174757281553,2539.4174757281553,367386,0.00019119727735072978,3.6145782528663385e-06,0.00018602401729376217,-0.000955803639700159,0.9981839730845696,52.75021368335194,0.000955803639700159
2025-12-12,2519.902912621359,2569.902912621359,2499.902912621359,2539.902912621359,206001,0.00019116072793989858,3.6131938039592085e-06,0.00018602401729376217,-0.0009556209625013468,0.9981843201712474,52.76028230425036,0.0009556209625014578
2025-12-15,2520.3883495145633,2570.3883495145633,2500.3883495145633,2540.3883495145633,390434,0.00019112419250033597,3.6118101502252943e-06,0.00018602401729376217,-0.0009554383551174661,0.998184667125277,52.77035089441315,0.0009554383551173551
2025-12-16,2520.873786407767,2570.873786407767,2500.873786407767,2540.873786407767,429547,0.0001910876710233822,3.6104272908393663e-06,0.00018602401729376217,-0.0009552558175078829,0.998185013946735,52.780419456809504,0.0009552558175078829
2025-12-17,2521.359223300971,2571.359223300971,2501.359223300971,2541.359223300971,490068,0.00019105116350148776,3.6090452259733727e-06,0.00018602401729376217,-0.0009550733496331842,0.9981853606356969,52.790487980183485,0.0009550733496332953
2025-12-18,2521.8446601941746,2571.8446601941746,2501.8446601941746,2541.8446601941746,270824,0.00019101466992665905,3.6076639541495412e-06,0.00018602401729376217,-0.0009548909514532911,0.9981857071922388,52.80055647721535,0.0009548909514534021
2025-12-19,2522.330097087379,2572.330097087379,2502.330097087379,2542.330097087379,112539,0.00019097819029090246,3.6062834749139215e-06,0.00018602401729376217,-0.0009547086229284574,0.9981860536164362,52.81062494566976,0.0009547086229282353
2025-12-22,2522.8155339805826,2572.8155339805826,2502.8155339805826,2542.8155339805826,245374,0.00019094172458555825,3.6049037882368878e-06,0.00018602401729376217,-0.00095452636401816,0.9981863999083653,52.82069337692859,0.000954526364018049
2025-12-23,2523.3009708737864,2573.3009708737864,2503.3009708737864,2543.3009708737864,120088,0.000190905272803521,3.603524893352532e-06,0.00018602401729376217,-0.0009543441746830972,0.9981867460681019,52.83076177355573,0.0009543441746830972
2025-12-24,2523.78640776699,2573.78640776699,2503.78640776699,2543.78640776699,365761,0.00019086883493657503,3.6021467894087197e-06,0.00018602401729376217,-0.0009541620548833007,0.9981870920957217,52.840830139081575,0.0009541620548836338
2025-12-25,2524.2718446601943,2574.2718446601943,2504.2718446601943,2544.2718446601943,475010,0.00019083241097672676,3.600769475752206e-06,0.00018602401729376217,-0.0009539800045792468,0.9981874379912997,52.85089847420182,0.0009539800045790248
2025-12-26,2524.757281553398,2574.757281553398,2504.757281553398,2544.757281553398,372299,0.00019079600091576054,3.5993929516150194e-06,0.00018602401729376217,-0.0009537980237304122,0.9981877837549121,52.86096678123923,0.0009537980237304122
2025-12-29,2525.242718446602,2575.242718446602,2505.242718446602,2545.242718446602,461304,0.00019075960474612685,3.598017216771145e-06,0.00018602401729376217,-0.0009536161122978282,0.998188129386634,52.87103505477165,0.0009536161122978282
2025-12-30,2525.7281553398057,2575.7281553398057,2505.7281553398057,2545.7281553398057,192267,0.00019072322245961004,3.5966422706807708e-06,0.00018602401729376217,-0.0009534342702414156,0.9981884748865414,52.881103293787476,0.0009534342702415266
2025-12-31,2526.21359223301,2576.21359223301,2506.21359223301,2546.21359223301,425945,0.00019068685404843855,3.595268112463321e-06,0.00018602401729376217,-0.0009532524975216505,0.998188820254709,52.89117150240197,0.0009532524975215395
2026-01-01,2526.6990291262136,2576.6990291262136,2506.6990291262136,2546.6990291262136,342346,0.00019065049950417468,3.593894741776895e-06,0.00018602401729376217,-0.000953070794098565,0.9981891654912126,52.901239676654576,0.000953070794098565
2026-01-02,2527.1844660194174,2577.1844660194174,2507.1844660194174,2547.1844660194174,220337,0.000190614158819713,3.592522157685221e-06,0.00018602401729376217,-0.0009528891599328571,0.9981895105961275,52.91130782168207,0.0009528891599328571
2026-01-05,2527.669902912621,2577.669902912621,2507.669902912621,2547.669902912621,249811,0.00019057783198661582,3.5911503599042526e-06,0.00018602401729376217,-0.0009527075949848918,0.9981898555695287,52.92137593268472,0.0009527075949851138
2026-01-06,2528.1553398058254,2578.1553398058254,2508.1553398058254,2548.1553398058254,151193,0.00019054151899711158,3.5897793475817508e-06,0.00018602401729376217,-0.0009525260992152562,0.9981902004114913,52.93144401339849,0.0009525260992151452
2026-01-07,2528.640776699029,2578.640776699029,2508.640776699029,2548.640776699029,490198,0.00019050521984298463,3.588409120177199e-06,0.00018602401729376217,-0.0009523446725838713,0.9981905451220907,52.941512062865,0.0009523446725838713
2026-01-08,2529.126213592233,2579.126213592233,2509.126213592233,2549.126213592233,151104,0.00019046893451668545,3.587039677521203e-06,0.00018602401729376217,-0.0009521633150517683,0.9981908897014017,52.95158007485246,0.0009521633150517683
2026-01-09,2529.6116504854367,2579.6116504854367,2509.6116504854367,2549.6116504854367,381517,0.00019043266301022044,3.5856710186476066e-06,0.00018602401729376217,-0.0009519820265793122,0.9981912341494993,52.96164805473372,0.0009519820265795342
2026-01-12,2530.097087378641,2580.097087378641,2510.097087378641,2550.097087378641,450310,0.00019039640531604007,3.5843031427051578e-06,0.00018602401729376217,-0.000951800807127201,0.9981915784664585,52.97171600633085,0.000951800807126979
2026-01-13,2530.5825242718447,2580.5825242718447,2510.5825242718447,2550.5825242718447,367872,0.00019036016142526258,3.5829360495217336e-06,0.00018602401729376217,-0.0009516196566555779,0.9981919226523542,52.98178392309598,0.0009516196566556889
2026-01-14,2531.0679611650485,2581.0679611650485,2511.0679611650485,2551.0679611650485,216226,0.00019032393133100456,3.5815697384453393e-06,0.00018602401729376217,-0.0009514385751255849,0.9981922667072612,52.99185180610997,0.0009514385751254739
2026-01-15,2531.5533980582522,2581.5533980582522,2511.5533980582522,2551.5533980582522,418669,0.00019028771502505037,3.5802042087089103e-06,0.00018602401729376217,-0.0009512575624975872,0.9981926106312546,53.00191965779033,0.0009512575624976982
2026-01-16,2532.0388349514565,2582.0388349514565,2512.0388349514565,2552.0388349514565,220208,0.00019025151249962846,3.578839459403386e-06,0.00018602401729376217,-0.0009510766187325048,0.9981929544244084,53.01198748278814,0.0009510766187323938
2026-01-19,2532.5242718446602,2582.5242718446602,2512.5242718446602,2552.5242718446602,140014,0.00019021532374652317,3.5774754900735808e-06,0.00018602401729376217,-0.0009508957437905918,0.9981932980867978,53.02205527893983,0.0009508957437907029
2026-01-20,2533.009708737864,2583.009708737864,2513.009708737864,2553.009708737864,327240,0.00019017914875818498,3.5761123007774726e-06,0.00018602401729376217,-0.0009507149376331014,0.9981936416184972,53.03212303668069,0.0009507149376331014
2026-01-21,2533.4951456310678,2583.4951456310678,2513.4951456310678,2553.4951456310678,479756,0.0001901429875266203,3.5747498906055567e-06,0.00018602401729376217,-0.0009505342002205097,0.9981939850195811,53.04219076062242,0.0009505342002207318
2026-01-22,2533.980582524272,2583.980582524272,2513.980582524272,2553.980582524272,373375,0.00019010684004427958,3.573388258563928e-06,0.00018602401729376217,-0.0009503535315138478,0.9981943282901238,53.05225845676752,0.0009503535315136258
2026-01-23,2534.4660194174758,2584.4660194174758,2514.4660194174758,2554.4660194174758,165414,0.00019007070630272516,3.5720274044814147e-06,0.00018602401729376217,-0.0009501729314734808,0.9981946714302002,53.0623261187033,0.0009501729314735918
2026-01-26,2534.9514563106795,2584.9514563106795,2514.9514563106795,2554.9514563106795,181121,0.00019003458629462955,3.570667327847377e-06,0.00018602401729376217,-0.0009499924000607729,0.9981950144398843,53.07239374535093,0.0009499924000606619
2026-01-27,2535.4368932038833,2585.4368932038833,2515.4368932038833,2555.4368932038833,257023,0.0001899984800122212,3.569308027554059e-06,0.00018602401729376217,-0.0009498119372364222,0.9981953573192509,53.082461344367104,0.0009498119372366443
2026-01-28,2535.9223300970875,2585.9223300970875,2515.9223300970875,2555.9223300970875,397040,0.0001899623874475065,3.567949503090292e-06,0.00018602401729376217,-0.0009496315429614599,0.9981957000683735,53.09252891451796,0.0009496315429613489
2026-01-29,2536.4077669902913,2586.4077669902913,2516.4077669902913,2556.4077669902913,381832,0.00018992630859226978,3.566591754227928e-06,0.00018602401729376217,-0.000949451217196362,0.9981960426873268,53.102596450309385,0.000949451217196362
2026-01-30,2536.893203883495,2586.893203883495,2516.893203883495,2556.893203883495,157686,0.0001898902434391836,3.565234780769224e-06,0.00018602401729376217,-0.0009492709599027149,0.9981963851761848,53.112663946038275,0.000949270959902826
2026-02-02,2537.378640776699,2587.378640776699,2517.378640776699,2557.378640776699,178359,0.00018985419198047637,3.5638785813787148e-06,0.00018602401729376217,-0.0009490907710413277,0.9981967275350215,53.12273141278215,0.0009490907710414387
2026-02-03,2537.864077669903,2587.864077669903,2517.864077669903,2557.864077669903,221109,0.00018981815420837655,3.56252315537507e-06,0.00018602401729376217,-0.0009489106505732314,0.9981970697639109,53.1327988519218,0.0009489106505731204
2026-02-04,2538.349514563107,2588.349514563107,2518.349514563107,2558.349514563107,200355,0.0001897821301146685,3.5611685024452113e-06,0.00018602401729376217,-0.0009487305984592354,0.9981974118629273,53.142866259243426,0.0009487305984592354
2026-02-05,2538.8349514563106,2588.8349514563106,2518.8349514563106,2558.8349514563106,372721,0.00018974611969180266,3.559814622362375e-06,0.00018602401729376217,-0.0009485506146607037,0.9981977538321446,53.15293362943186,0.0009485506146607037
2026-02-06,2539.3203883495144,2589.3203883495144,2519.3203883495144,2559.3203883495144,340133,0.0001897101229320075,3.5584615144163805e-06,0.00018602401729376217,-0.0009483706991387786,0.9981980956716362,53.16300096430618,0.0009483706991391117
2026-02-09,2539.8058252427186,2589.8058252427186,2519.8058252427186,2559.8058252427186,480236,0.00018967413982795556,3.5571091774433645e-06,0.00018602401729376217,-0.0009481908518548243,0.9981984373814761,53.173068272583606,0.0009481908518547133
2026-02-10,2540.2912621359224,2590.2912621359224,2520.2912621359224,2560.2912621359224,329769,0.00018963817037098707,3.5557576109872847e-06,0.00018602401729376217,-0.000948011072769317,0.9981987789617384,53.18313555207702,0.000948011072769317
2026-02-11,2540.776699029126,2590.776699029126,2520.776699029126,2560.776699029126,312644,0.00018960221455377457,3.5544068153333583e-06,0.00018602401729376217,-0.0009478313618440648,0.9981991204124963,53.193202789912796,0.0009478313618440648
2026-02-12,2541.26213592233,2591.26213592233,2521.26213592233,2561.26213592233,222203,0.00018956627236876855,3.553056789174823e-06,0.00018602401729376217,-0.0009476517190402101,0.9981994617338237,53.2032699969036,0.0009476517190403211
2026-02-13,2541.747572815534,2591.747572815534,2521.747572815534,2561.747572815534,279895,0.00018953034380819744,3.5517075316881636e-06,0.00018602401729376217,-0.000947472144319117,0.998199802925794,53.213337176611084,0.000947472144319006
2026-02-16,2542.233009708738,2592.233009708738,2522.233009708738,2562.233009708738,304965,0.0001894944288638456,3.5503590425316565e-06,0.00018602401729376217,-0.0009472926376415947,0.9982001439884808,53.223404325284626,0.0009472926376414836
2026-02-17,2542.7184466019417,2592.7184466019417,2522.7184466019417,2562.7184466019417,379940,0.00018945852752838555,3.549011321279823e-06,0.00018602401729376217,-0.0009471131989694515,0.9982004849219579,53.23347144067419,0.0009471131989695625
2026-02-18,2543.2038834951454,2593.2038834951454,2523.2038834951454,2563.2038834951454,389632,0.00018942263979382368,3.547664367449391e-06,0.00018602401729376217,-0.0009469338282640516,0.9982008257262983,53.243538521208826,0.0009469338282641626
2026-02-19,2543.6893203883496,2593.6893203883496,2523.6893203883496,2563.6893203883496,327207,0.00018938676565305457,3.5463181799335436e-06,0.00018602401729376217,-0.0009467545254867593,0.9982011664015753,53.2536055749077,0.0009467545254866483
2026-02-20,2544.1747572815534,2594.1747572815534,2524.1747572815534,2564.1747572815534,448514,0.00018935090509719643,3.5449727587590546e-06,0.00018602401729376217,-0.0009465752905986058,0.9982015069478627,53.263672592330565,0.0009465752905986058
2026-02-23,2544.660194174757,2594.660194174757,2524.660194174757,2564.660194174757,133959,0.00018931505811958793,3.5436281033308217e-06,0.00018602401729376217,-0.0009463961235613993,0.9982018473652332,53.273739573970225,0.0009463961235613993
2026-02-24,2545.1456310679614,2595.1456310679614,2525.1456310679614,2565.1456310679614,405625,0.0001892792247124575,3.5422842125130037e-06,0.00018602401729376217,-0.0009462170243368373,0.9982021876537601,53.283806528125496,0.0009462170243366153
2026-02-25,2545.631067961165,2595.631067961165,2525.631067961165,2565.631067961165,492978,0.00018924340486736746,3.540941086048768e-06,0.00018602401729376217,-0.0009460379928859508,0.9982025278135169,53.293873449740595,0.0009460379928858398
2026-02-26,2546.116504854369,2596.116504854369,2526.116504854369,2566.116504854369,296643,0.00018920759857721237,3.539598723086184e-06,0.00018602401729376217,-0.0009458590291702151,0.9982028678445763,53.30394034306689,0.0009458590291702151
2026-02-27,2546.6019417475727,2596.6019417475727,2526.6019417475727,2566.6019417475727,369157,0.00018917180583399862,3.5382571237393463e-06,0.00018602401729376217,-0.0009456801331517717,0.9982032077470118,53.314007197606664,0.0009456801331519937
2026-03-02,2547.0873786407765,2597.0873786407765,2527.0873786407765,2567.0873786407765,251212,0.00018913602663039875,3.5369162870143583e-06,0.00018602401729376217,-0.0009455013047917626,0.9982035475208957,53.32407401969031,0.0009455013047918737
2026-03-03,2547.5728155339807,2597.5728155339807,2527.5728155339807,2567.5728155339807,117886,0.00018910026095841914,3.535576212285925e-06,0.00018602401729376217,-0.0009453225440519963,0.998203887166301,53.334140809936585,0.0009453225440518853
2026-03-04,2548.0582524271845,2598.0582524271845,2528.0582524271845,2568.0582524271845,305522,0.00018906450881028825,3.534236898985372e-06,0.00018602401729376217,-0.0009451438508940591,0.9982042266833012,53.34420756818281,0.0009451438508940591
2026-03-05,2548.5436893203882,2598.5436893203882,2528.5436893203882,2568.5436893203882,165754,0.00018902877017867858,3.532898346658965e-06,0.00018602401729376217,-0.0009449652252796481,0.9982045660719684,53.35427429266693,0.0009449652252797591
2026-03-06,2549.0291262135925,2599.0291262135925,2529.0291262135925,2569.0291262135925,219758,0.00018899304505604064,3.531560554426634e-06,0.00018602401729376217,-0.0009447866671706828,0.9982049053323758,53.3643409879908,0.0009447866671705718
2026-03-09,2549.5145631067962,2599.5145631067962,2529.5145631067962,2569.5145631067962,372719,0.00018895733343415877,3.530223522145865e-06,0.00018602401729376217,-0.0009446081765285275,0.998205244464596,53.37440764746529,0.0009446081765283054
2026-03-10,2550.0,2600.0,2530.0,2570.0,303731,0.0001889216353057055,3.5288872485945296e-06,0.00018602401729376217,-0.0009444297533148793,0.9982055834687015,53.384474280929915,0.0009444297533149904
2026-03-11,2550.4854368932038,2600.4854368932038,2530.4854368932038,2570.4854368932038,327832,0.00018888595066290925,3.5275517339152712e-06,0.00018602401729376217,-0.0009442513974919908,0.9982059223447651,53.39454087752807,0.0009442513974922129
2026-03-12,2550.9708737864075,2600.9708737864075,2530.9708737864075,2570.9708737864075,258375,0.00018885027949844257,3.52621697728487e-06,0.00018602401729376217,-0.0009440731090215593,0.9982062610928591,53.40460744109741,0.0009440731090217813
2026-03-13,2551.4563106796118,2601.4563106796118,2531.4563106796118,2571.4563106796118,249149,0.0001888146218045339,3.524882977794141e-06,0.00018602401729376217,-0.000943894887865282,0.9982065997130558,53.41467397666418,0.000943894887865282
2026-03-16,2551.9417475728155,2601.9417475728155,2531.9417475728155,2571.9417475728155,197601,0.00018877897757296758,3.5235497352999012e-06,0.00018602401729376217,-0.0009437167339850783,0.9982069382054283,53.42474047756553,0.0009437167339851893
2026-03-17,2552.4271844660193,2602.4271844660193,2532.4271844660193,2572.4271844660193,346484,0.00018874334679708227,3.5222172490081825e-06,0.00018602401729376217,-0.0009435386473429785,0.9982072765700484,53.43480694741521,0.0009435386473428675
2026-03-18,2552.9126213592235,2602.9126213592235,2532.9126213592235,2572.9126213592235,372013,0.00018870772946866232,3.5208855184072355e-06,0.00018602401729376217,-0.0009433606279010132,0.9982076148069883,53.44487338512958,0.0009433606279007911
2026-03-19,2553.3980582524273,2603.3980582524273,2533.3980582524273,2573.3980582524273,248075,0.00018867212558015822,3.5195545432416014e-06,0.00018602401729376217,-0.0009431826756207684,0.9982079529163207,53.454939785936446,0.0009431826756205464
2026-03-20,2553.883495145631,2603.883495145631,2533.883495145631,2573.883495145631,154969,0.00018863653512402045,3.5182243223174747e-06,0.00018602401729376217,-0.0009430047904642747,0.9982082908981177,53.46500615927863,0.0009430047904643857
2026-03-23,2554.368932038835,2604.368932038835,2534.368932038835,2574.368932038835,215537,0.00018860095809292154,3.5168948556648944e-06,0.00018602401729376217,-0.0009428269723940064,0.9982086287524512,53.47507249613379,0.0009428269723941174
2026-03-24,2554.8543689320386,2604.8543689320386,2534.8543689320386,2574.8543689320386,222875,0.0001885653944788679,3.51556614245926e-06,0.00018602401729376217,-0.0009426492213716609,0.9982089664793939,53.485138800242176,0.0009426492213717719
2026-03-25,2555.339805825243,2605.339805825243,2535.339805825243,2575.339805825243,166868,0.000188529844274532,3.5142381815639656e-06,0.00018602401729376217,-0.0009424715373594905,0.9982093040790168,53.495205080284144,0.0009424715373596015
2026-03-26,2555.8252427184466,2605.8252427184466,2535.8252427184466,2575.8252427184466,159122,0.0001884943074719203,3.5129109733769074e-06,0.00018602401729376217,-0.0009422939203195257,0.9982096415513928,53.50527132147139,0.0009422939203196368
2026-03-27,2556.3106796116504,2606.3106796116504,2536.3106796116504,2576.3106796116504,314565,0.00018845878406392735,3.5115845168756154e-06,0.00018602401729376217,-0.000942116370214019,0.9982099788965934,53.51533753082543,0.00094211637021413
2026-03-30,2556.7961165048546,2606.7961165048546,2536.7961165048546,2576.7961165048546,340328,0.00018842327404300363,3.5102588114357797e-06,0.00018602401729376217,-0.0009419388870051115,0.9982103161146904,53.52540370920993,0.0009419388870048895
2026-03-31,2557.2815533980583,2607.2815533980583,2537.2815533980583,2577.2815533980583,334018,0.0001883877774009335,3.5089338568005672e-06,0.00018602401729376217,-0.0009417614706548338,0.998210653205756,53.53546985171714,0.0009417614706546118
2026-04-01,2557.766990291262,2607.766990291262,2537.766990291262,2577.766990291262,164630,0.00018835229413083354,3.507609652203681e-06,0.00018602401729376217,-0.0009415841211253273,0.9982109901698618,53.54553596156875,0.0009415841211253273
2026-04-02,2558.252427184466,2608.252427184466,2538.252427184466,2578.252427184466,243283,0.00018831682422493223,3.5062861973330974e-06,0.00018602401729376217,-0.0009414068383791774,0.9982113270070795,53.555602034828624,0.0009414068383795104
2026-04-03,2558.73786407767,2608.73786407767,2538.73786407767,2578.73786407767,175291,0.0001882813676759021,3.504963491137962e-06,0.00018602401729376217,-0.0009412296223788585,0.9982116637174804,53.56566807894394,0.0009412296223785255
2026-04-06,2559.223300970874,2609.223300970874,2539.223300970874,2579.223300970874,256967,0.0001882459244757495,3.503641532992436e-06,0.00018602401729376217,-0.000941052473085846,0.9982120003011369,53.575734094714996,0.0009410524730859571
2026-04-07,2559.7087378640776,2609.7087378640776,2539.7087378640776,2579.7087378640776,373826,0.000188210494617147,3.5023203227265977e-06,0.00018602401729376217,-0.0009408753904632805,0.9982123367581198,53.58580007618442,0.0009408753904631695
2026-04-08,2560.1941747572814,2610.1941747572814,2540.1941747572814,2580.1941747572814,299805,0.00018817507809254508,3.5009998597723094e-06,0.00018602401729376217,-0.0009406983744731923,0.9982126730885009,53.595866023403474,0.0009406983744733033
2026-04-09,2560.6796116504856,2610.6796116504856,2540.6796116504856,2580.6796116504856,191597,0.0001881396748948383,3.4996801431930407e-06,0.00018602401729376217,-0.0009405214250781668,0.9982130092923518,53.605931942183304,0.0009405214250779448
2026-04-10,2561.1650485436894,2611.1650485436894,2541.1650485436894,2581.1650485436894,347312,0.00018810428501558896,3.498361172845427e-06,0.00018602401729376217,-0.0009403445422402346,0.9982133453697434,53.61599782585342,0.0009403445422402346
2026-04-13,2561.650485436893,2611.650485436893,2541.650485436893,2581.650485436893,237143,0.00018806890844791369,3.4970429478774336e-06,0.00018602401729376217,-0.000940167725922203,0.9982136813207477,53.626063679014415,0.000940167725922203
2026-04-14,2562.135922330097,2612.135922330097,2542.135922330097,2582.135922330097,221839,0.000188033545184485,3.4957254680347985e-06,0.00018602401729376217,-0.0009399909760865466,0.9982140171454355,53.636129497011304,0.0009399909760867686
2026-04-15,2562.621359223301,2612.621359223301,2542.621359223301,2582.621359223301,121417,0.00018799819521753136,3.494408732152109e-06,0.00018602401729376217,-0.0009398142926958508,0.9982143528438779,53.6461952890064,0.0009398142926957398
2026-04-16,2563.106796116505,2613.106796116505,2543.106796116505,2583.106796116505,329455,0.00018796285853905914,3.4930927404844202e-06,0.00018602401729376217,-0.0009396376757121461,0.9982146884161468,53.6562610423688,0.0009396376757122571
2026-04-17,2563.5922330097087,2613.5922330097087,2543.5922330097087,2583.5922330097087,118375,0.000187927535142407,3.4917774920952292e-06,0.00018602401729376217,-0.0009394611250985729,0.9982150238623126,53.666326763087326,0.0009394611250985729
2026-04-20,2564.0776699029125,2614.0776699029125,2544.0776699029125,2584.0776699029125,160802,0.00018789222501958136,3.4904629866718746e-06,0.00018602401729376217,-0.0009392846408174949,0.9982153591824467,53.676392447223996,0.0009392846408176059
2026-04-21,2564.5631067961167,2614.5631067961167,2544.5631067961167,2584.5631067961167,462308,0.0001878569281636988,3.489149222737611e-06,0.00018602401729376217,-0.0009391082228317194,0.9982156943766198,53.68645810901605,0.0009391082228316083
2026-04-22,2565.0485436893205,2615.0485436893205,2545.0485436893205,2585.0485436893205,116179,0.00018782164456632167,3.487836200632555e-06,0.00018602401729376217,-0.0009389318711033878,0.9982160294449034,53.69652373440348,0.0009389318711032768
2026-04-23,2565.5339805825242,2615.5339805825242,2545.5339805825242,2585.5339805825242,296132,0.00018778637422056654,3.4865239195329506e-06,0.00018602401729376217,-0.0009387555855956409,0.9982163643873682,53.7065893276229,0.0009387555855957519
2026-04-24,2566.019417475728,2616.019417475728,2546.019417475728,2586.019417475728,408125,0.00018775111711910597,3.485212379013596e-06,0.00018602401729376217,-0.000938579366271175,0.9982166992040847,53.716654886674526,0.000938579366271286
2026-04-27,2566.5048543689322,2616.5048543689322,2546.5048543689322,2586.5048543689322,484687,0.00018771587325439043,3.4839015781654656e-06,0.00018602401729376217,-0.0009384032130926867,0.998217033895124,53.72672041693686,0.0009384032130925757
2026-04-28,2566.990291262136,2616.990291262136,2546.990291262136,2586.990291262136,485752,0.00018768064261842632,3.4825915167317565e-06,0.00018602401729376217,-0.0009382271260226505,0.998217368460557,53.73678591364479,0.0009382271260225394
2026-04-29,2567.4757281553398,2617.4757281553398,2547.4757281553398,2587.4757281553398,385110,0.0001876454252045523,3.481282194287877e-06,0.00018602401729376217,-0.0009380511050242069,0.9982177029004539,53.746851374993675,0.0009380511050240958
2026-04-30,2567.9611650485435,2617.9611650485435,2547.9611650485435,2587.9611650485435,493795,0.00018761022100477476,3.4799736102650886e-06,0.00018602401729376217,-0.0009378751500599414,0.998218037214886,53.75691680101971,0.0009378751500601634
2026-05-01,2568.4466019417478,2618.4466019417478,2548.4466019417478,2588.4466019417478,387001,0.00018757503001221032,3.478665763641477e-06,0.00018602401729376217,-0.0009376992610931056,0.9982183714039232,53.7669821990683,0.0009376992610929946
2026-05-04,2568.9320388349515,2618.9320388349515,2548.9320388349515,2588.9320388349515,325172,0.00018753985221864333,3.4773586541317823e-06,0.00018602401729376217,-0.0009375234380859521,0.9982187054676366,53.777047564766036,0.0009375234380859521
2026-05-05,2569.4174757281553,2619.4174757281553,2549.4174757281553,2589.4174757281553,155395,0.0001875046876171904,3.476052281310548e-06,0.00018602401729376217,-0.0009373476810018433,0.9982190394060966,53.787112896281585,0.0009373476810017323
2026-05-06,2569.902912621359,2619.902912621359,2549.902912621359,2589.902912621359,484681,0.00018746953620030204,3.4747466446665236e-06,0.00018602401729376217,-0.0009371719898034758,0.9982193732193733,53.79717819291914,0.0009371719898036979
2026-05-07,2570.3883495145633,2620.3883495145633,2550.3883495145633,2590.3883495145633,167569,0.0001874343979608728,3.4734417433197104e-06,0.00018602401729376217,-0.0009369963644542123,0.9982197069075371,53.8072434598112,0.0009369963644541013
2026-05-08,2570.873786407767,2620.873786407767,2550.873786407767,2590.873786407767,318206,0.00018739927289068703,3.472137576870788e-06,0.00018602401729376217,-0.0009368208049164162,0.9982200404706588,53.81730869436032,0.0009368208049163051
2026-05-11,2571.359223300971,2621.359223300971,2551.359223300971,2591.359223300971,191844,0.00018736416098330544,3.470834144867057e-06,0.00018602401729376217,-0.0009366453111535611,0.9982203739088082,53.82737389530561,0.0009366453111534501
2026-05-12,2571.8446601941746,2621.8446601941746,2551.8446601941746,2591.8446601941746,165284,0.00018732906223073442,3.4695314468536723e-06,0.00018602401729376217,-0.0009364698831285656,0.9982207072220558,53.83743906097605,0.0009364698831286766
2026-05-13,2572.330097087379,2622.330097087379,2552.330097087379,2592.330097087379,361947,0.00018729397662586855,3.4682294817225413e-06,0.00018602401729376217,-0.0009362945208045703,0.9982210404104714,53.84750420007193,0.0009362945208044593
2026-05-14,2572.8155339805826,2622.8155339805826,2552.8155339805826,2592.8155339805826,351871,0.00018725890416093627,3.4669282492174415e-06,0.00018602401729376217,-0.0009361192241443828,0.9982213734741255,53.85756930793236,0.0009361192241443828
2026-05-15,2573.3009708737864,2623.3009708737864,2553.3009708737864,2593.3009708737864,145138,0.00018722384482883214,3.465627749396188e-06,0.00018602401729376217,-0.0009359439931113656,0.9982217064130882,53.86763437521699,0.0009359439931113656
2026-05-18,2573.78640776699,2623.78640776699,2553.78640776699,2593.78640776699,321757,0.0001871887986222287,3.464327981150658e-06,0.00018602401729376217,-0.0009357688276687703,0.9982220392274294,53.87769941058757,0.0009357688276689924
2026-05-19,2574.2718446601943,2624.2718446601943,2554.2718446601943,2594.2718446601943,207872,0.00018715376553379848,3.463028943998466e-06,0.00018602401729376217,-0.0009355937277797377,0.9982223719172187,53.88776441302274,0.0009355937277795157
2026-05-20,2574.757281553398,2624.757281553398,2554.757281553398,2594.757281553398,456023,0.00018711874555599195,3.46173063688768e-06,0.00018602401729376217,-0.0009354186934070752,0.9982227044825265,53.897829390283356,0.0009354186934071862
2026-05-21,2575.242718446602,2625.242718446602,2555.242718446602,2595.242718446602,186933,0.00018708373868148165,3.46043306001792e-06,0.00018602401729376217,-0.0009352437245145895,0.9982230369234222,53.90789433077716,0.0009352437245144785
2026-05-22,2575.7281553398057,2625.7281553398057,2555.7281553398057,2595.7281553398057,250727,0.0001870487449029401,3.4591362127926176e-06,0.00018602401729376217,-0.0009350688210651992,0.9982233692399761,53.91795923526677,0.0009350688210654212
2026-05-25,2576.21359223301,2626.21359223301,2556.21359223301,2596.21359223301,394257,0.00018701376421326188,3.4578400941040043e-06,0.00018602401729376217,-0.0009348939830224889,0.9982237014322575,53.92802411253658,0.0009348939830222669
2026-05-26,2576.6990291262136,2626.6990291262136,2556.6990291262136,2596.6990291262136,421887,0.00018697879660445338,3.456544703809063e-06,0.00018602401729376217,-0.0009347192103491553,0.9982240335003364,53.93808895612966,0.0009347192103492663
2026-05-27,2577.1844660194174,2627.1844660194174,2557.1844660194174,2597.1844660194174,377408,0.00018694384206985326,3.455250041596651e-06,0.00018602401729376217,-0.000934544503009227,0.9982243654442825,53.948153762583,0.000934544503009116
2026-05-28,2577.669902912621,2627.669902912621,2557.669902912621,2597.669902912621,302042,0.000186908900601912,3.4539561064152716e-06,0.00018602401729376217,-0.0009343698609657336,0.9982246972641651,53.95821853970822,0.0009343698609658446
2026-05-29,2578.1553398058254,2628.1553398058254,2558.1553398058254,2598.1553398058254,258733,0.00018687397219330215,3.452662897952811e-06,0.00018602401729376217,-0.0009341952841823709,0.9982250289600538,53.968283283881156,0.0009341952841821488
2026-06-01,2578.640776699029,2628.640776699029,2558.640776699029,2598.640776699029,235139,0.00018683905683647417,3.4513704154413732e-06,0.00018602401729376217,-0.0009340207726219463,0.9982253605320183,53.97834799851942,0.0009340207726218352
2026-06-02,2579.126213592233,2629.126213592233,2559.126213592233,2599.126213592233,391717,0.00018680415452432264,3.450078658881755e-06,0.00018602401729376217,-0.0009338463262484886,0.9982256919801278,53.98841267518898,0.0009338463262484886
2026-06-03,2579.6116504854367,2629.6116504854367,2559.6116504854367,2599.6116504854367,298777,0.00018676926524974213,3.448787627308445e-06,0.00018602401729376217,-0.0009336719450253606,0.9982260233044519,53.99847732052922,0.0009336719450254716
2026-06-04,2580.097087378641,2630.097087378641,2560.097087378641,2600.097087378641,171516,0.00018673438900518313,3.4474973202669234e-06,0.00018602401729376217,-0.0009334976289161467,0.9982263545050595,54.0085419330902,0.0009334976289159247
2026-06-05,2580.5825242718447,2630.5825242718447,2560.5825242718447,2600.5825242718447,134009,0.00018669952578309612,3.4462077371880923e-06,0.00018602401729376217,-0.0009333233778838768,0.9982266855820203,54.01860651321597,0.0009333233778838768
2026-06-08,2581.0679611650485,2631.0679611650485,2561.0679611650485,2601.0679611650485,483455,0.00018666467557681976,3.444918877761046e-06,0.00018602401729376217,-0.0009331491918928014,0.9982270165354036,54.02867105747718,0.0009331491918926904
2026-06-09,2581.5533980582522,2631.5533980582522,2561.5533980582522,2601.5533980582522,170235,0.0001866298383785825,3.443630741047408e-06,0.00018602401729376217,-0.0009329750709060614,0.9982273473652785,54.03873557193955,0.0009329750709061724
2026-06-10,2582.0388349514565,2632.0388349514565,2562.0388349514565,2602.0388349514565,373949,0.00018659501418127888,3.4423433266498165e-06,0.00018602401729376217,-0.0009328010148876853,0.9982276780717136,54.04880005441182,0.0009328010148874633
2026-06-11,2582.5242718446602,2632.5242718446602,2562.5242718446602,2602.5242718446602,395429,0.00018656020297735942,3.441056634141581e-06,0.00018602401729376217,-0.0009326270238005918,0.9982280086547789,54.058864503034904,0.0009326270238005918
2026-06-12,2583.009708737864,2633.009708737864,2563.009708737864,2603.009708737864,259608,0.00018652540476016277,3.439770662813703e-06,0.00018602401729376217,-0.0009324530976091427,0.9982283391145426,54.06892892063407,0.0009324530976091427
2026-06-15,2583.4951456310678,2633.4951456310678,2563.4951456310678,2603.4951456310678,117073,0.00018649061952169532,3.43848541258039e-06,0.00018602401729376217,-0.0009322792362768118,0.998228669451074,54.078993299887685,0.0009322792362769228
2026-06-16,2583.980582524272,2633.980582524272,2563.980582524272,2603.980582524272,332131,0.00018645584725551778,3.4372008821925233e-06,0.00018602401729376217,-0.0009321054397675166,0.9982289996644419,54.089057652168584,0.0009321054397672945
2026-06-17,2584.4660194174758,2634.4660194174758,2564.4660194174758,2604.4660194174758,422789,0.0001864210879534145,3.435917071620564e-06,0.00018602401729376217,-0.0009319317080443978,0.9982293297547155,54.0991219692189,0.0009319317080442868
2026-06-18,2584.9514563106795,2634.9514563106795,2564.9514563106795,2604.9514563106795,288719,0.00018638634160894618,3.434633979984676e-06,0.00018602401729376217,-0.0009317580410718174,0.9982296597219633,54.10918625664122,0.0009317580410719284
2026-06-19,2585.4368932038833,2635.4368932038833,2565.4368932038833,2605.4368932038833,208487,0.00018635160821434127,3.433351607085682e-06,0.00018602401729376217,-0.0009315844388134709,0.9982299895662543,54.11925050897198,0.0009315844388135819
2026-06-22,2585.9223300970875,2635.9223300970875,2565.9223300970875,2605.9223300970875,208942,0.00018631688776293842,3.4320699519300867e-06,0.00018602401729376217,-0.0009314109012332761,0.998230319287657,54.129314733555645,0.000931410901233054
2026-06-23,2586.4077669902913,2636.4077669902913,2566.4077669902913,2606.4077669902913,273419,0.000186282180246522,3.430789014488011e-06,0.00018602401729376217,-0.0009312374282947067,0.9982306488862401,54.1393789221455,0.0009312374282945957
2026-06-24,2586.893203883495,2636.893203883495,2566.893203883495,2606.893203883495,356509,0.00018624748565887472,3.429508794249673e-06,0.00018602401729376217,-0.0009310640199620135,0.9982309783620722,54.149443074619185,0.0009310640199620135
2026-06-25,2587.378640776699,2637.378640776699,2567.378640776699,2607.378640776699,414340,0.0001862128039924471,3.4282292902774217e-06,0.00018602401729376217,-0.0009308906761988922,0.998231307715222,54.15950719721258,0.0009308906761991143
2026-06-26,2587.864077669903,2637.864077669903,2567.864077669903,2607.864077669903,388836,0.00018617813523991167,3.426950502059769e-06,0.00018602401729376217,-0.0009307173969697047,0.9982316369457577,54.169571289529735,0.0009307173969694826
2026-06-29,2588.349514563107,2638.349514563107,2568.349514563107,2608.349514563107,195979,0.00018614347939394094,3.4256724292271017e-06,0.00018602401729376217,-0.0009305441822377025,0.9982319660537481,54.179635348942824,0.0009305441822378135
2026-06-30,2588.8349514563106,2638.8349514563106,2568.8349514563106,2608.8349514563106,372728,0.00018610883644742948,3.424395071580949e-06,0.00018602401729376217,-0.0009303710319674696,0.9982322950392617,54.18969937018874,0.0009303710319674696
2026-07-01,2589.3203883495144,2639.3203883495144,2569.3203883495144,2609.3203883495144,300232,0.00018607420639349392,3.4231184282412136e-06,0.00018602401729376217,-0.0009301979461229237,0.9982326239023664,54.19976335882469,0.0009301979461231458
2026-07-02,2589.8058252427186,2639.8058252427186,2569.8058252427186,2609.8058252427186,418497,0.0001860395892248068,3.421842498241942e-06,0.00018602401729376217,-0.0009300249246680936,0.9982329526431307,54.20982732165326,0.0009300249246679826
2026-07-03,2590.2912621359224,2640.2912621359224,2570.2912621359224,2610.2912621359224,471606,0.00018600498493359652,3.420567281696012e-06,0.00018602401729376217,-0.000929851967566675,0.9982332812616233,54.21989124831825,0.000929851967566675
2026-07-06,2590.776699029126,2640.776699029126,2570.776699029126,2610.776699029126,250081,0.00018597039351320177,3.419292778348539e-06,0.00018602401729376217,-0.0009296790747833628,0.9982336097579116,54.22995513458621,0.0009296790747832517
2026-07-07,2591.26213592233,2641.26213592233,2571.26213592233,2611.26213592233,153845,0.00018593581495673916,3.4180189867225134e-06,0.00018602401729376217,-0.0009295062462819637,0.9982339381320643,54.24001899549282,0.0009295062462821857
2026-07-08,2591.747572815534,2641.747572815534,2571.747572815534,2611.747572815534,478826,0.00018590124925643714,3.416745906789308e-06,0.00018602401729376217,-0.0009293334820268395,0.9982342663841494,54.2500828229244,0.0009293334820266175
2026-07-09,2592.233009708738,2642.233009708738,2572.233009708738,2612.233009708738,213370,0.00018586669640519027,3.415473538179331e-06,0.00018602401729376217,-0.0009291607819816861,0.9982345945142347,54.26014661435103,0.0009291607819816861
2026-07-10,2592.7184466019417,2642.7184466019417,2572.7184466019417,2612.7184466019417,270758,0.0001858321563963372,3.4142018802402748e-06,0.00018602401729376217,-0.0009289881461111982,0.9982349225223887,54.27021037185385,0.0009289881461114202
2026-07-13,2593.2038834951454,2643.2038834951454,2573.2038834951454,2613.2038834951454,210263,0.0001857976292221064,3.4129309323177372e-06,0.00018602401729376217,-0.0009288155743795157,0.9982352504086789,54.280274097233686,0.0009288155743796267
2026-07-14,2593.6893203883496,2643.6893203883496,2573.6893203883496,2613.6893203883496,246885,0.00018576311487605857,3.4116606937881717e-06,0.00018602401729376217,-0.0009286430667510004,0.9982355781731732,54.290337792201555,0.0009286430667507783
2026-07-15,2594.1747572815534,2644.1747572815534,2574.1747572815534,2614.1747572815534,252190,0.00018572861335020008,3.410391164053453e-06,0.00018602401729376217,-0.0009284706231894591,0.99823590581594,54.30040145762041,0.000928470623189348
2026-07-16,2594.660194174757,2644.660194174757,2574.660194174757,2614.660194174757,464888,0.0001856941246378696,3.409122343143012e-06,0.00018602401729376217,-0.0009282982436596976,0.9982362333370466,54.310465084782884,0.0009282982436595866
2026-07-17,2595.1456310679614,2645.1456310679614,2575.1456310679614,2615.1456310679614,268485,0.00018565964873218377,3.407854229693427e-06,0.00018602401729376217,-0.0009281259281260779,0.9982365607365606,54.32052868704029,0.0009281259281259668
2026-07-20,2595.631067961165,2645.631067961165,2575.631067961165,2615.631067961165,330184,0.00018562518562514896,3.4065868241869785e-06,0.00018602401729376217,-0.0009279536765526286,0.9982368880145502,54.33059224810448,0.0009279536765525176
2026-07-21,2596.116504854369,2646.116504854369,2576.116504854369,2616.116504854369,485551,0.00018559073531054793,3.4053201250898705e-06,0.00018602401729376217,-0.0009277814889037117,0.9982372151710828,54.34065578425516,0.0009277814889037117
2026-07-22,2596.6019417475727,2646.6019417475727,2576.6019417475727,2616.6019417475727,123568,0.00018555629778060911,3.4040541330843968e-06,0.00018602401729376217,-0.0009276093651441331,0.9982375422062262,54.35071927607953,0.0009276093651442441
2026-07-23,2597.0873786407765,2647.0873786407765,2577.0873786407765,2617.0873786407765,316817,0.00018552187302889322,3.4027888466084117e-06,0.00018602401729376217,-0.0009274373052381435,0.9982378691200475,54.36078274026904,0.0009274373052383655
2026-07-24,2597.5728155339807,2647.5728155339807,2577.5728155339807,2617.5728155339807,298406,0.00018548746104785074,3.4015242651219226e-06,0.00018602401729376217,-0.0009272653091502159,0.9982381959126144,54.37084617694247,0.0009272653091501049
