date,open,high,low,close,volume,dividend
2025-01-01,17934.05078125,18050.0,17772.0,17994.19921875,157078,0.0
2025-01-02,18068.0,18382.69921875,17984.150390625,18341.900390625,179968,0.0
2025-01-03,18398.0,18584.650390625,18270.0,18397.650390625,257992,0.0
2025-01-06,18412.0,18700.0,17910.05078125,18037.25,312804,0.0
2025-01-07,18142.099609375,18550.0,18100.0,18451.849609375,233535,0.0
2025-01-08,18445.0,18445.0,16855.30078125,16905.849609375,856389,0.0
2025-01-09,16901.099609375,17200.0,16706.69921875,16852.69921875,607211,0.0
2025-01-10,16849.0,17155.0,16611.0,16709.19921875,376805,0.0
2025-01-13,16500.0,16550.0,15741.0,15835.150390625,407670,0.0
2025-01-14,15900.0,16372.400390625,15881.099609375,16274.900390625,433841,0.0
2025-01-15,16400.0,17028.0,16104.25,16919.650390625,637125,0.0
2025-01-16,17299.0,17300.0,16900.0,16938.900390625,171869,0.0
2025-01-17,17060.0,17330.5,16731.19921875,17224.44921875,393040,0.0
2025-01-20,17324.0,17687.900390625,17156.05078125,17559.44921875,360057,0.0
2025-01-21,17248.25,17351.0,15028.0,15144.349609375,2171945,0.0
2025-01-22,15200.0,15239.7001953125,14280.0,14714.5,1219026,0.0
2025-01-23,14730.0,15572.400390625,14604.9501953125,15463.599609375,860408,0.0
2025-01-24,15499.0,15710.0,15200.9501953125,15584.900390625,506758,0.0
2025-01-27,15250.0,15632.0,15155.0,15432.7998046875,330756,0.0
2025-01-28,15399.0,15471.75,14411.4501953125,14586.9501953125,741639,0.0
2025-01-29,14600.5498046875,15080.0,14484.099609375,14536.150390625,323696,0.0
2025-01-30,14545.0498046875,14884.4501953125,14359.5,14659.849609375,385236,0.0
2025-01-31,14768.5,15036.650390625,14407.7001953125,14985.9501953125,264203,0.0
2025-02-01,15127.849609375,15305.0,13610.0,14714.349609375,524302,0.0
2025-02-03,14580.099609375,14700.0,14225.0,14486.150390625,331167,0.0
2025-02-04,14652.400390625,15104.4501953125,14451.0,14933.650390625,274431,0.0
2025-02-05,14922.7001953125,15340.0,14880.0498046875,15102.0498046875,209151,0.0
2025-02-06,15208.4501953125,15258.4501953125,14501.5,14657.849609375,385102,0.0
2025-02-07,14724.4501953125,15235.099609375,14687.650390625,15154.650390625,306015,0.0
2025-02-10,15231.599609375,15244.4501953125,14693.2001953125,14795.2001953125,204059,0.0
2025-02-11,14848.0,14948.0,14360.0,14666.2998046875,238106,0.0
2025-02-12,14620.2001953125,14875.0,14072.5,14766.0,295181,0.0
2025-02-13,14839.75,15067.4501953125,14640.0,14710.7998046875,234130,0.0
2025-02-14,14784.349609375,14894.599609375,13781.400390625,14010.7001953125,417896,0.0
2025-02-17,13863.2001953125,14240.0,13592.25,14199.5,271223,0.0
2025-02-18,14244.0,14341.5,13833.2998046875,14006.7001953125,199642,0.0
2025-02-19,13881.400390625,14425.0,13830.0,14088.2998046875,221334,0.0
2025-02-20,14088.25,14270.0,13923.0498046875,14219.75,155381,0.0
2025-02-21,14202.0,14364.849609375,13920.0498046875,13971.900390625,234145,0.0
2025-02-24,13762.0,14119.9501953125,13664.150390625,14043.349609375,256048,0.0
2025-02-25,14000.0,14326.599609375,13940.0,14151.599609375,192840,0.0
2025-02-27,14222.150390625,14240.0,13630.0,13824.2998046875,239876,0.0
2025-02-28,13725.0,14090.400390625,13453.0,13935.849609375,851848,0.0
2025-03-03,13935.849609375,14536.4501953125,13350.099609375,14051.75,512328,0.0
2025-03-04,13850.0498046875,14295.0,13812.0498046875,14190.349609375,204809,0.0
2025-03-05,14190.2998046875,14710.0,14146.900390625,14497.4501953125,233552,0.0
2025-03-06,14650.0,14697.4501953125,14209.0498046875,14256.25,237768,0.0
2025-03-07,14262.150390625,14335.75,13860.0,13911.25,201480,0.0
2025-03-10,13911.25,14087.9501953125,13053.0,13131.150390625,448512,0.0
2025-03-11,12925.099609375,13375.7001953125,12750.099609375,13298.900390625,434133,0.0
2025-03-12,13240.0,13385.2001953125,12762.0,13078.9501953125,349680,0.0
2025-03-13,13144.9501953125,13598.0,12992.25,13324.0498046875,368138,0.0
2025-03-17,13144.849609375,13510.0,13054.599609375,13098.2001953125,281188,0.0
2025-03-18,13098.2001953125,13098.2001953125,13098.2001953125,13098.2001953125,0,0.0
2025-03-19,13524.0,13989.650390625,13420.0,13875.599609375,249370,0.0
2025-03-20,13875.599609375,14085.0,13754.2998046875,13905.7001953125,211223,0.0
2025-03-21,13880.0,14122.9501953125,13834.4501953125,14056.7998046875,256973,0.0
2025-03-24,14122.0,14720.0,14121.0,14608.349609375,284541,0.0
2025-03-25,14676.650390625,14740.0,13495.0,13624.5,835339,0.0
2025-03-26,13651.0498046875,13691.0498046875,13216.0,13260.400390625,452537,0.0
2025-03-27,13300.0,13673.9501953125,13100.0,13510.7998046875,538219,0.0
2025-03-28,13516.0,13680.7998046875,13009.400390625,13179.5,430635,0.0
2025-04-01,13199.0,13450.0,12880.0,12923.900390625,305230,0.0
2025-04-02,12950.0,13485.0,12899.75,13450.7001953125,390817,0.0
2025-04-03,13303.2001953125,13567.4501953125,13095.0,13487.9501953125,343363,0.0
2025-04-04,13450.0498046875,13472.75,13038.0,13137.5498046875,279276,0.0
2025-04-07,12202.2001953125,12897.0,12202.2001953125,12556.0498046875,466181,0.0
2025-04-08,13000.0,13239.9501953125,12751.0,12991.7998046875,356876,0.0
2025-04-09,13130.0,13313.900390625,12755.0,13282.4501953125,447582,0.0
2025-04-11,13946.5498046875,14339.0,13560.4501953125,14301.900390625,1021318,0.0
2025-04-15,14800.0,14987.0,14502.0,14931.0,801314,0.0
2025-04-16,14980.0,15315.0,14802.0,15252.0,606421,0.0
2025-04-17,15210.0,15419.0,15150.0,15323.0,365315,0.0
2025-04-21,15399.0,15997.0,15386.0,15816.0,476983,0.0
2025-04-22,15955.0,16828.0,15875.0,16675.0,1077892,0.0
2025-04-23,16949.0,17069.0,16311.0,16607.0,882979,0.0
2025-04-24,16607.0,16740.0,16408.0,16588.0,306941,0.0
2025-04-25,16590.0,16925.0,16100.0,16219.0,609389,0.0
2025-04-28,16305.0,16674.0,16305.0,16415.0,360217,0.0
2025-04-29,16599.0,16857.0,16520.0,16614.0,274792,0.0
2025-04-30,16680.0,16680.0,16271.0,16452.0,360771,0.0
2025-05-02,16452.0,16775.0,16360.0,16409.0,275522,0.0
2025-05-05,16469.0,16759.0,16327.0,16710.0,302670,0.0
2025-05-06,16711.0,16715.0,16007.0,16056.0,320318,0.0
2025-05-07,15930.0,16245.0,15750.0,16095.0,381301,0.0
2025-05-08,16200.0,16380.0,15550.0,15626.0,287698,0.0
2025-05-09,15151.0,15522.0,15051.0,15190.0,337937,0.0
2025-05-12,15980.0,16260.0,15565.0,16073.0,556075,0.0
2025-05-13,16098.0,16510.0,16040.0,16219.0,461096,0.0
2025-05-14,16280.0,16390.0,16011.0,16121.0,296062,0.0
2025-05-15,16210.0,16529.0,15891.0,16433.0,453685,0.0
2025-05-16,16370.0,16749.0,16301.0,16660.0,367626,0.0
2025-05-19,16700.0,16727.0,16420.0,16574.0,246159,0.0
2025-05-20,16778.0,17025.0,16502.0,16566.0,537101,0.0
2025-05-21,16567.0,16642.0,15270.0,15612.0,1987983,0.0
2025-05-22,15591.0,15592.0,15025.0,15170.0,850046,0.0
2025-05-23,15270.0,15277.0,14862.0,15019.0,619564,0.0
2025-05-26,15097.0,15238.0,15050.0,15085.0,375656,0.0
2025-05-27,15100.0,15295.0,14990.0,15091.0,457051,0.0
2025-05-28,15179.0,15179.0,14740.0,14816.0,381948,0.0
2025-05-29,14874.0,14897.0,14660.0,14808.0,475473,0.0
2025-05-30,14849.0,14888.0,14600.0,14692.0,438891,0.0
2025-06-02,14680.0,14811.0,14590.0,14612.0,252321,0.0
2025-06-03,14680.0,14710.0,14420.0,14453.0,227852,0.0
2025-06-04,14470.0,14990.0,14381.0,14956.0,551362,0.0
2025-06-05,15060.0,15070.0,14665.0,14694.0,348302,0.0
2025-06-06,14744.0,14911.0,14611.0,14855.0,335775,0.0
2025-06-09,14922.0,14975.0,14817.0,14914.0,193424,0.0
2025-06-10,14980.0,15065.0,14893.0,14982.0,219426,0.0
2025-06-11,14998.0,15018.0,14755.0,14790.0,212245,0.0
2025-06-12,14790.0,14895.0,14490.0,14518.0,182457,0.0
2025-06-13,14251.0,14389.0,14203.0,14311.0,307311,0.0
2025-06-16,14311.0,14435.0,14127.0,14313.0,310958,0.0
2025-06-17,14390.0,14548.0,14207.0,14243.0,575475,0.0
2025-06-18,14248.0,14530.0,14183.0,14367.0,273242,0.0
2025-06-19,14391.0,14490.0,13950.0,14004.0,259353,0.0
2025-06-20,14000.0,14150.0,13862.0,14047.0,566174,0.0
2025-06-23,13800.0,14808.0,13280.0,14571.0,727767,0.0
2025-06-24,14701.0,14774.0,14444.0,14506.0,514681,0.0
2025-06-25,14515.0,14585.0,14054.0,14165.0,670992,0.0
2025-06-26,14150.0,14410.0,14033.0,14315.0,730817,0.0
2025-06-27,14446.0,14954.0,14415.0,14473.0,1310517,0.0
2025-06-30,14588.0,15108.0,14425.0,14983.0,884481,0.0
2025-07-01,14600.0,14863.0,14376.0,14716.0,853874,0.0
2025-07-02,14716.0,15256.0,14678.0,15163.0,899590,0.0
2025-07-03,15200.0,15291.0,15038.0,15074.0,366937,0.0
2025-07-04,15025.0,15282.0,14929.0,15202.0,466319,0.0
2025-07-07,15240.0,15668.0,15118.0,15433.0,621604,0.0
2025-07-08,15480.0,15525.0,15231.0,15473.0,286161,0.0
2025-07-09,15544.0,15860.0,15532.0,15710.0,569738,0.0
2025-07-10,15710.0,15899.0,15636.0,15849.0,340971,0.0
2025-07-11,15820.0,15930.0,15671.0,15786.0,284865,0.0
2025-07-14,15779.0,15990.0,15710.0,15898.0,223601,0.0
2025-07-15,15945.0,16000.0,15756.0,15823.0,203686,0.0
2025-07-16,16376.0,16450.0,16011.0,16099.0,831255,0.0
2025-07-17,16160.0,16238.0,16056.0,16107.0,245713,0.0
2025-07-18,16140.0,16195.0,15882.0,15960.0,224808,0.0
2025-07-21,15978.0,16320.0,15860.0,16281.0,522627,0.0
2025-07-22,16350.0,16350.0,16051.0,16112.0,309302,0.0
2025-07-23,16440.0,16669.0,16208.0,16556.0,866173,0.0
2025-07-24,16595.0,16833.0,16569.0,16768.0,404842,0.0
2025-07-25,16810.0,16910.0,16668.0,16700.0,372154,0.0
2025-07-28,16749.0,16969.0,16601.0,16744.0,311066,0.0
2025-07-29,16744.0,16814.0,16584.0,16784.0,191247,0.0
2025-07-30,16770.0,16882.0,16660.0,16765.0,148613,0.0
2025-07-31,16360.0,16933.0,16128.0,16841.0,561218,0.0
2025-08-01,16869.0,17149.0,16787.0,16848.0,341381,0.0
2025-08-04,16896.0,17129.0,16820.0,17002.0,208266,0.0
2025-08-05,17002.0,17099.0,16763.0,16849.0,208975,0.0
2025-08-06,16849.0,16881.0,16458.0,16513.0,250727,0.0
2025-08-07,16250.0,16698.0,16250.0,16663.0,232821,0.0
2025-08-08,16690.0,16700.0,15810.0,15864.0,328403,0.0
2025-08-11,15780.0,16195.0,15780.0,16088.0,298880,0.0
2025-08-12,16088.0,16120.0,15801.0,15828.0,164396,0.0
2025-08-13,15900.0,16070.0,15593.0,15952.0,235815,0.0
2025-08-14,15953.0,16216.0,15950.0,16191.0,204312,0.0
2025-08-18,16500.0,16912.0,16416.0,16756.0,330514,0.0
2025-08-19,16826.0,16946.0,16650.0,16905.0,199162,0.0
2025-08-20,16950.0,17090.0,16850.0,16876.0,228951,0.0
2025-08-21,16925.0,16962.0,16705.0,16725.0,165675,0.0
2025-08-22,16750.0,17036.0,16680.0,16893.0,304647,0.0
2025-08-25,16950.0,17287.0,16851.0,17018.0,457362,0.0
2025-08-26,16900.0,16998.0,16591.0,16668.0,350536,0.0
2025-08-28,16690.0,16878.0,16470.0,16678.0,347400,0.0
2025-08-29,16678.0,16870.0,16612.0,16690.0,197676,0.0
2025-09-01,16770.0,17642.0,16770.0,17582.0,615332,0.0
2025-09-02,17670.0,17746.0,17500.0,17553.0,231302,0.0
2025-09-03,17580.0,17780.0,17481.0,17759.0,255177,0.0
2025-09-04,17937.0,18041.0,17782.0,17852.0,283060,0.0
2025-09-05,17852.0,17960.0,17814.0,17855.0,123212,0.0
2025-09-08,17955.0,18074.0,17867.0,18006.0,112300,0.0
2025-09-09,18069.0,18080.0,17806.0,18002.0,142476,0.0
2025-09-10,18070.0,18115.0,17861.0,17897.0,149460,0.0
2025-09-11,17925.0,18059.0,17906.0,18041.0,113430,0.0
2025-09-12,18080.0,18186.0,17951.0,18103.0,107442,0.0
2025-09-15,18124.0,18150.0,17965.0,17985.0,107547,0.0
2025-09-16,18040.0,18270.0,18001.0,18110.0,153587,8.0
2025-09-17,18230.0,18230.0,18054.0,18110.0,112985,0.0
2025-09-18,18250.0,18354.0,18150.0,18331.0,270850,0.0
2025-09-19,18331.0,18400.0,18130.0,18177.0,208525,0.0
2025-09-22,18158.0,18315.0,18058.0,18082.0,107464,0.0
2025-09-23,18150.0,18170.0,17998.0,18130.0,132042,0.0
2025-09-24,18100.0,18189.0,18030.0,18161.0,63334,0.0
2025-09-25,18389.0,18471.0,18152.0,18202.0,237351,0.0
2025-09-26,18202.0,18229.0,17380.0,17511.0,233711,0.0
2025-09-29,17530.0,17637.0,16626.0,16678.0,503255,0.0
2025-09-30,16679.0,16835.0,15982.0,16322.0,529594,0.0
2025-10-01,16404.0,16700.0,16335.0,16453.0,260204,0.0
2025-10-03,16500.0,16649.0,16393.0,16591.0,157149,0.0
2025-10-06,16600.0,17086.0,16535.0,17041.0,212415,0.0
2025-10-07,17026.0,17279.0,16911.0,17232.0,143947,0.0
2025-10-08,17240.0,17299.0,16821.0,16859.0,132997,0.0
2025-10-09,16901.0,17140.0,16875.0,17098.0,124996,0.0
2025-10-10,17130.0,17505.0,17082.0,17445.0,244288,0.0
2025-10-13,17440.0,17440.0,16830.0,17195.0,195835,0.0
2025-10-14,17299.0,17299.0,16451.0,16634.0,455160,0.0
2025-10-15,16610.0,16875.0,16604.0,16777.0,214714,0.0
2025-10-16,16700.0,16920.0,16601.0,16844.0,168432,0.0
2025-10-17,16875.0,16900.0,16612.0,16700.0,146016,0.0
2025-10-20,16700.0,16999.0,16012.0,16075.0,647684,0.0
2025-10-21,16224.0,16264.0,16060.0,16122.0,66310,0.0
2025-10-23,16220.0,16259.0,15540.0,15611.0,736786,0.0
2025-10-24,15655.0,15733.0,15440.0,15490.0,436186,0.0
2025-10-27,15400.0,15611.0,15356.0,15505.0,302086,0.0
2025-10-28,15511.0,15541.0,15301.0,15372.0,244628,0.0
2025-10-29,15349.0,15576.0,15304.0,15512.0,195693,0.0
2025-10-30,15555.0,15714.0,15443.0,15644.0,211837,0.0
2025-10-31,15720.0,15750.0,15463.0,15494.0,224779,0.0
2025-11-03,15494.0,15610.0,15325.0,15485.0,273990,0.0
2025-11-04,15483.0,15532.0,15235.0,15254.0,172440,0.0
2025-11-06,15257.0,15324.0,15050.0,15079.0,229915,0.0
2025-11-07,15000.0,15061.0,14671.0,14849.0,302050,0.0
2025-11-10,14875.0,15006.0,14710.0,14867.0,252744,0.0
2025-11-11,14910.0,15153.0,14760.0,15094.0,183854,0.0
2025-11-12,15155.0,15369.0,15054.0,15307.0,260843,0.0
2025-11-13,15383.0,15579.0,15227.0,15323.0,244819,0.0
2025-11-14,15299.0,15570.0,15232.0,15419.0,254561,0.0
2025-11-17,15520.0,15698.0,15353.0,15641.0,232740,0.0
2025-11-18,15700.0,15771.0,15501.0,15697.0,190994,0.0
2025-11-19,15697.0,15775.0,15366.0,15540.0,178897,0.0
2025-11-20,15600.0,15600.0,15264.0,15313.0,204503,0.0
2025-11-21,15310.0,15310.0,14921.0,14965.0,207477,0.0
2025-11-24,14965.0,14990.0,14599.0,14669.0,266515,0.0
2025-11-25,14662.0,14797.0,14380.0,14401.0,257302,0.0
2025-11-26,14473.0,14877.0,14374.0,14825.0,286601,0.0
2025-11-27,14860.0,14890.0,14535.0,14643.0,151098,0.0
2025-11-28,14668.0,14708.0,14511.0,14601.0,137276,0.0
2025-12-01,14739.0,14739.0,14485.0,14566.0,233233,0.0
2025-12-02,14554.0,14620.0,14458.0,14494.0,149204,0.0
2025-12-03,14494.0,14500.0,13980.0,14018.0,348161,0.0
2025-12-04,14080.0,14105.0,13675.0,13707.0,259494,0.0
2025-12-05,13699.0,13894.0,13500.0,13749.0,243937,0.0
2025-12-08,13801.0,13988.0,13450.0,13563.0,291274,0.0
2025-12-09,13435.0,13630.0,13275.0,13517.0,235886,0.0
2025-12-10,13517.0,13718.0,12261.0,12351.0,974019,0.0
2025-12-11,12349.0,13030.0,12130.0,12988.0,1277223,0.0
2025-12-12,13100.0,13422.0,13005.0,13379.0,708140,0.0
2025-12-15,13313.0,13763.0,13231.0,13737.0,567800,0.0
2025-12-16,13727.0,13823.0,13559.0,13628.0,318608,0.0
2025-12-17,13650.0,13650.0,13182.0,13274.0,343154,0.0
2025-12-18,13200.0,13490.0,13020.0,13299.0,548533,0.0
2025-12-19,13295.0,13380.0,13089.0,13268.0,585596,0.0
2025-12-22,13240.0,13445.0,12800.0,12845.0,508602,0.0
2025-12-23,12844.0,12909.0,12520.0,12832.0,730977,0.0
2025-12-24,12755.0,13180.0,12584.0,12629.0,754957,0.0
2025-12-26,12700.0,12711.0,12250.0,12328.0,722112,0.0
2025-12-29,12344.0,12460.0,11821.0,11857.0,1312587,0.0
2025-12-30,11880.0,12026.0,11646.0,11767.0,1389580,0.0
2025-12-31,11856.0,12239.0,11755.0,12102.0,954154,0.0
2026-01-01,12112.0,12220.0,11820.0,12091.0,697383,0.0
2026-01-02,12162.0,12290.0,11935.0,12165.0,809776,0.0
2026-01-05,12220.0,12280.0,11992.0,12051.0,434173,0.0
2026-01-06,12099.0,12099.0,11658.0,11726.0,541945,0.0
2026-01-07,11640.0,11970.0,11480.0,11770.0,837880,0.0
2026-01-08,11780.0,12055.0,11708.0,11987.0,814042,0.0
2026-01-09,11980.0,12047.0,11750.0,11902.0,524085,0.0
2026-01-12,11880.0,11894.0,11674.0,11842.0,428491,0.0
2026-01-13,11950.0,11964.0,11180.0,11238.0,1231297,0.0
2026-01-14,11260.0,11526.0,11055.0,11103.0,928937,0.0
2026-01-15,11103.0,11103.0,11103.0,11103.0,0,0.0
2026-01-16,11108.0,11231.0,10702.0,10732.0,891148,0.0
2026-01-19,10732.0,11060.0,10591.0,11024.0,704984,0.0
2026-01-20,11029.0,11144.0,10632.0,10682.0,476078,0.0
2026-01-21,10682.0,10790.0,10274.0,10517.0,915631,0.0
2026-01-22,10700.0,10717.0,10420.0,10512.0,422087,0.0
2026-01-23,10575.0,10664.0,10330.0,10360.0,486607,0.0
2026-01-27,10400.0,10400.0,9990.0,10184.0,702193,0.0
2026-01-28,10189.0,10350.0,10038.0,10279.0,661357,0.0
2026-01-29,10299.0,10436.0,10056.0,10337.0,672993,0.0
2026-01-30,10100.0,10843.0,9835.0,10446.0,1996677,0.0
2026-02-02,10250.0,10530.0,10102.0,10339.0,822592,0.0
2026-02-03,11100.0,11200.0,10852.0,11031.0,1584528,0.0
2026-02-04,11032.0,11713.0,10926.0,11678.0,1509099,0.0
2026-02-05,11700.0,11713.0,11154.0,11376.0,1047347,0.0
2026-02-06,11349.0,11549.0,11172.0,11502.0,477648,0.0
2026-02-09,11655.0,11845.0,11550.0,11757.0,485574,0.0
2026-02-10,11820.0,11847.0,11563.0,11609.0,546495,0.0
2026-02-11,11640.0,11766.0,11490.0,11741.0,448093,0.0
2026-02-12,11740.0,11779.0,11590.0,11626.0,288312,0.0
2026-02-13,11500.0,11548.0,11250.0,11417.0,446533,0.0
2026-02-16,11540.0,11839.0,11363.0,11751.0,600256,0.0
2026-02-17,11750.0,11818.0,11605.0,11637.0,286065,0.0
2026-02-18,11700.0,11700.0,11260.0,11517.0,548081,0.0
2026-02-19,11400.0,11464.0,11126.0,11237.0,686002,0.0
2026-02-20,11150.0,11286.0,11007.0,11072.0,485095,0.0
2026-02-23,11100.0,11130.0,10567.0,10599.0,644642,0.0
2026-02-24,10560.0,10614.0,10371.0,10525.0,512955,0.0
2026-02-25,10550.0,10688.0,10320.0,10388.0,384975,0.0
2026-02-26,10361.0,10462.0,10081.0,10116.0,562899,0.0
2026-02-27,10106.0,10620.0,10085.0,10528.0,1359438,0.0
2026-03-02,10110.0,10478.0,10050.0,10151.0,499942,0.0
2026-03-04,9850.0,10181.0,9770.0,10136.0,957824,0.0
2026-03-05,10249.0,10294.0,9993.0,10224.0,587096,0.0
2026-03-06,10199.0,10290.0,9990.0,10029.0,462851,0.0
2026-03-09,9945.0,9945.0,9630.0,9804.0,487935,0.0
2026-03-10,10399.0,11078.0,10171.0,10908.0,2031360,0.0
2026-03-11,10962.0,11050.0,10533.0,10618.0,1290092,0.0
2026-03-12,10475.0,10849.0,10254.0,10803.0,968428,0.0
2026-03-13,10699.0,10833.0,10300.0,10338.0,848321,0.0
2026-03-16,10202.0,10380.0,10059.0,10263.0,606465,0.0
2026-03-17,10379.0,10459.0,10211.0,10289.0,518006,0.0
2026-03-18,10339.0,10762.0,10305.0,10709.0,718288,0.0
2026-03-19,10464.0,10585.0,10160.0,10194.0,616614,0.0
2026-03-20,10342.0,10495.0,10265.0,10342.0,520115,0.0
2026-03-23,10200.0,10200.0,9800.0,9894.0,685766,0.0
2026-03-24,10200.0,10260.0,9950.0,10174.0,632179,0.0
2026-03-25,10250.0,10570.0,10222.0,10415.0,576794,0.0
2026-03-27,10301.0,10310.0,9999.0,10019.0,572310,0.0
2026-03-30,9900.0,9989.0,9600.0,9673.0,689714,0.0
2026-04-01,10100.0,10390.0,9904.0,10254.0,670532,0.0
2026-04-02,10010.0,10345.5,9732.0,9920.5,1215237,0.0
2026-04-06,9970.0,10074.0,9734.0,10008.0,752942,0.0
2026-04-07,9950.0,10145.0,9840.5,10116.5,624630,0.0
2026-04-08,10572.5,10710.0,10430.0,10636.0,979189,0.0
2026-04-09,10669.5,10698.0,10420.0,10625.5,657395,0.0
2026-04-10,10611.0,10890.0,10600.0,10676.0,794189,0.0
2026-04-13,10400.0,10590.0,10288.0,10503.5,570575,0.0
2026-04-15,10714.5,11099.0,10714.5,11068.5,852184,0.0
2026-04-16,11250.0,11407.5,11121.0,11287.0,1071854,0.0
2026-04-17,11320.0,11410.0,11270.0,11371.5,733121,0.0
2026-04-20,11400.0,11410.0,11150.0,11211.0,630673,0.0
2026-04-21,11211.0,11440.0,11211.0,11265.0,403154,0.0
2026-04-22,11265.0,11364.5,11215.5,11267.0,474026,0.0
2026-04-23,11249.0,11249.0,10820.0,10866.5,733524,0.0
2026-04-24,10857.0,11086.0,10765.5,10815.5,709864,0.0
2026-04-27,10920.0,11350.0,10855.0,11252.0,814270,0.0
2026-04-28,11284.0,11595.0,11254.5,11370.0,891315,0.0
2026-04-29,11375.5,11575.0,11259.5,11325.0,677475,0.0
2026-04-30,11300.0,11300.0,11006.0,11166.5,459389,0.0
2026-05-01,11166.5,11166.5,11166.5,11166.5,0,0.0
2026-05-04,11299.0,11492.0,11159.0,11408.0,380919,0.0
2026-05-05,11400.0,11674.0,11200.0,11253.0,552400,0.0
2026-05-06,11400.0,11405.0,11152.0,11299.0,366954,0.0
2026-05-07,11350.0,11395.0,11006.0,11048.0,619219,0.0
2026-05-08,11040.0,11265.0,10580.0,10803.0,817765,0.0
2026-05-11,10773.0,10956.0,10537.0,10772.0,605961,0.0
2026-05-12,10744.0,10744.0,10100.0,10138.0,830155,0.0
2026-05-13,10255.0,11232.0,10158.0,11124.0,2690187,0.0
2026-05-14,11150.0,11191.0,10834.0,11103.0,857111,0.0
2026-05-15,11103.0,11360.0,10932.0,10979.0,647788,0.0
2026-05-18,10871.0,10900.0,10570.0,10780.0,571332,0.0
2026-05-19,10820.0,11140.0,10783.0,11048.0,586228,0.0
2026-05-20,10870.0,11080.0,10850.0,10997.0,379965,0.0
2026-05-21,11010.0,11325.0,10911.0,11258.0,705488,0.0
2026-05-22,11285.0,11860.0,11261.0,11722.0,1362732,0.0
2026-05-25,11850.0,11888.0,11602.0,11824.0,578594,0.0
2026-05-26,11798.0,11829.0,11620.0,11673.0,311771,0.0
2026-05-27,11675.0,11925.0,11641.0,11756.0,371444,0.0
2026-05-28,11756.0,11756.0,11756.0,11756.0,0,0.0
2026-05-29,11770.0,11831.0,11480.0,11524.0,498590,0.0
2026-06-01,11600.0,11648.0,11406.0,11463.0,303579,0.0
2026-06-02,11422.0,11656.0,11361.0,11604.0,317648,0.0
2026-06-03,11620.0,11640.0,11153.0,11227.0,524162,0.0
2026-06-04,11202.0,11560.0,11155.0,11488.0,518693,0.0
2026-06-05,11524.0,11683.0,11403.0,11432.0,378237,0.0
2026-06-08,11319.0,11568.0,11235.0,11392.0,292194,0.0
2026-06-09,11450.0,11660.0,11403.0,11611.0,298170,0.0
2026-06-10,11670.0,11944.0,11438.0,11487.0,659488,0.0
2026-06-11,11470.0,11535.0,11285.0,11371.0,387928,0.0
2026-06-12,11545.0,11571.0,11389.0,11546.0,304468,0.0
2026-06-15,11702.0,12075.0,11656.0,11957.0,719320,0.0
2026-06-16,11933.0,12290.0,11822.0,12235.0,1091429,0.0
2026-06-17,12325.0,12888.0,12325.0,12833.0,1686325,0.0
2026-06-18,12860.0,12930.0,12596.0,12666.0,465864,0.0
2026-06-19,12515.0,12600.0,12351.0,12517.0,507450,0.0
2026-06-22,12599.0,12650.0,12262.0,12336.0,502986,0.0
2026-06-23,12340.0,12340.0,11878.0,11932.0,646642,0.0
2026-06-24,11916.0,12139.0,11716.0,12086.0,526816,0.0
2026-06-25,12130.0,12284.0,11965.0,12013.0,413089,0.0
2026-06-26,12013.0,12013.0,12013.0,12013.0,0,0.0
2026-06-29,12017.0,12071.0,11787.0,11805.0,369843,0.0
2026-06-30,11894.0,12210.0,11800.0,11920.0,549203,0.0
2026-07-01,11980.0,12045.0,11785.0,11956.0,288435,0.0
2026-07-02,11970.0,12430.0,11970.0,12373.0,549083,0.0
2026-07-03,12470.0,12575.0,12325.0,12456.0,347224,0.0
2026-07-06,12480.0,13350.0,12355.0,13304.0,1287795,0.0
2026-07-07,13319.0,13436.0,13123.0,13242.0,792499,0.0
2026-07-08,13160.0,13345.0,12848.0,12934.0,544218,0.0
2026-07-09,13153.0,13600.0,13153.0,13477.0,825754,0.0
2026-07-10,13875.0,14030.0,13362.0,13421.0,1689462,0.0
2026-07-13,13355.0,13549.0,13200.0,13490.0,609309,0.0
2026-07-14,13390.0,13435.0,13180.0,13365.0,396507,0.0
2026-07-15,13580.0,13725.0,13431.0,13651.0,447702,0.0
2026-07-16,14101.0,14685.0,14101.0,14507.0,2267533,0.0
2026-07-17,14499.0,14580.0,14192.0,14329.0,674412,0.0
2026-07-20,14300.0,14614.0,14165.0,14589.0,407451,0.0
2026-07-21,14573.0,14573.0,14066.0,14118.0,507328,0.0
2026-07-22,14139.0,14210.0,13650.0,13882.0,417536,0.0
2026-07-23,13850.0,14041.0,13764.0,13829.0,242449,0.0
2026-07-24,13750.0,13898.0,13586.0,13846.0,278708,0.0
2026-07-27,13951.0,14021.0,13741.0,13810.0,205726,0.0
2026-07-28,13800.0,13938.0,13719.0,13903.0,177372,0.0
2026-07-29,13950.0,14325.0,13877.0,14275.0,423218,0.0
2026-07-30,14282.0,14482.0,14167.0,14338.0,399091,0.0
2026-07-31,14335.0,14589.0,13601.0,14049.0,634727,0.0
