date,open,high,low,close,volume
2025-01-01,524.2000122070312,535.0,508.0,532.5,2207
2025-01-02,532.5,550.0,520.3499755859375,544.9500122070312,4792
2025-01-03,559.7999877929688,559.7999877929688,525.25,534.0499877929688,3231
2025-01-06,528.0,534.0499877929688,508.0,514.0999755859375,2724
2025-01-07,513.9500122070312,517.75,491.0,507.8500061035156,3028
2025-01-08,490.0,512.5,490.0,495.1000061035156,1782
2025-01-09,495.29998779296875,499.95001220703125,470.5,471.29998779296875,4776
2025-01-10,460.0,477.0,453.20001220703125,463.75,1769
2025-01-13,471.0,471.0,440.6000061035156,445.6000061035156,3328
2025-01-14,445.6000061035156,461.95001220703125,428.25,440.0,7048
2025-01-15,440.0,461.0,440.0,454.0,1707
2025-01-16,463.95001220703125,463.95001220703125,450.0,460.0,1383
2025-01-17,454.0,465.0,445.0,464.6499938964844,1022
2025-01-20,480.0,480.0,450.1499938964844,470.95001220703125,904
2025-01-21,470.0,470.0,468.6000061035156,468.6000061035156,36
2025-01-22,478.95001220703125,478.95001220703125,446.1000061035156,455.0,831
2025-01-23,470.0,470.0,435.20001220703125,451.54998779296875,512
2025-01-24,463.95001220703125,463.95001220703125,433.0,434.29998779296875,320
2025-01-27,453.0,453.0,412.6000061035156,413.5,3975
2025-01-28,392.8500061035156,405.0,392.8500061035156,400.0,8146
2025-01-29,400.0,409.0,380.0,405.0,8333
2025-01-30,400.0,419.8999938964844,395.0,412.20001220703125,9457
2025-01-31,412.20001220703125,431.75,411.0,430.3999938964844,3340
2025-02-01,439.3999938964844,449.0,430.5,438.95001220703125,1781
2025-02-03,438.95001220703125,438.95001220703125,417.0,417.0,1473
2025-02-04,398.0,430.95001220703125,397.5,419.0,1835
2025-02-05,423.0,423.0,399.0,416.29998779296875,2276
2025-02-06,415.8500061035156,415.95001220703125,397.1499938964844,403.1499938964844,1823
2025-02-07,423.0,423.0,384.1000061035156,396.04998779296875,2075
2025-02-10,408.5,408.5,390.0,390.0,279
2025-02-11,390.0,406.95001220703125,370.5,374.20001220703125,1028
2025-02-12,361.0,379.95001220703125,355.5,360.0,4831
2025-02-13,378.0,378.0,342.1000061035156,343.3500061035156,1648
2025-02-14,343.3500061035156,353.20001220703125,326.20001220703125,336.1000061035156,2925
2025-02-17,321.54998779296875,333.75,319.29998779296875,319.29998779296875,1382
2025-02-18,305.1000061035156,319.0,305.1000061035156,311.5,1279
2025-02-19,311.0,327.0,296.0,319.8999938964844,6023
2025-02-20,319.8999938964844,331.70001220703125,318.04998779296875,330.79998779296875,202
2025-02-21,342.0,347.29998779296875,331.0,333.1000061035156,2369
2025-02-24,346.70001220703125,349.75,328.0,339.5,3320
2025-02-25,335.0,356.45001220703125,335.0,356.45001220703125,893
2025-02-27,372.0,374.0,364.0,369.1000061035156,972
2025-02-28,361.0,384.70001220703125,350.6499938964844,365.6000061035156,2629
2025-03-03,360.0,360.0,360.0,360.0,192
2025-03-04,353.1000061035156,359.25,353.1000061035156,353.1000061035156,26
2025-03-05,346.04998779296875,349.75,346.04998779296875,346.04998779296875,519
2025-03-06,339.5,344.3500061035156,339.5,339.5,615
2025-03-07,332.79998779296875,338.0,332.79998779296875,332.79998779296875,763
2025-03-10,335.0,335.0,326.1499938964844,335.0,1675
2025-03-11,328.29998779296875,328.29998779296875,328.29998779296875,328.29998779296875,461
2025-03-12,321.75,321.75,321.75,321.75,312
2025-03-13,315.3500061035156,316.0,315.3500061035156,315.3500061035156,1797
2025-03-17,310.0,310.0,310.0,310.0,3184
2025-03-18,306.0,306.0,303.79998779296875,306.0,3082
2025-03-19,307.20001220703125,307.20001220703125,306.0,307.20001220703125,202
2025-03-20,313.29998779296875,313.29998779296875,313.29998779296875,313.29998779296875,1458
2025-03-21,319.54998779296875,319.54998779296875,319.54998779296875,319.54998779296875,263
2025-03-24,325.8999938964844,325.8999938964844,325.0,325.8999938964844,1703
2025-03-25,332.0,332.0,321.0,332.0,5931
2025-03-26,338.5,338.6000061035156,338.5,338.5,114
2025-03-27,345.25,345.25,338.0,345.25,2440
2025-03-28,352.1499938964844,352.1499938964844,352.1499938964844,352.1499938964844,602
2025-04-01,357.0,359.1499938964844,357.0,357.0,266
2025-04-02,364.0,364.0,357.0,364.0,1993
2025-04-03,364.0,364.0,364.0,364.0,542
2025-04-04,360.0,364.0,357.0,360.0,435
2025-04-07,364.0,364.0,343.0,358.0,636
2025-04-08,356.25,368.75,350.0,366.95001220703125,205
2025-04-09,367.0,367.0,350.29998779296875,351.20001220703125,98
2025-04-11,355.0,355.0,345.0,353.29998779296875,2589
2025-04-15,355.0,367.8999938964844,355.0,363.6499938964844,1214
2025-04-16,371.8500061035156,372.0,355.0,371.0,183
2025-04-17,357.5,371.0,357.5,366.8999938964844,477
2025-04-21,380.0,390.8999938964844,364.5,382.75,6206
2025-04-22,398.0,421.0,380.3999938964844,395.45001220703125,24156
2025-04-23,393.0,409.3500061035156,373.5,380.8999938964844,8478
2025-04-24,376.5,393.45001220703125,369.95001220703125,377.45001220703125,7905
2025-04-25,389.8500061035156,389.8500061035156,355.0,362.95001220703125,11818
2025-04-28,370.0,370.0,337.0,347.70001220703125,9863
2025-04-29,338.04998779296875,376.79998779296875,335.54998779296875,351.3500061035156,12053
2025-04-30,351.0,358.3500061035156,342.5,347.3500061035156,6484
2025-05-02,338.3500061035156,367.45001220703125,338.3500061035156,349.5,6849
2025-05-05,340.25,363.1499938964844,335.04998779296875,341.0,5649
2025-05-06,369.0,369.0,334.3999938964844,336.6000061035156,4343
2025-05-07,350.0,350.0,320.20001220703125,330.70001220703125,5983
2025-05-08,334.20001220703125,356.0,326.04998779296875,342.79998779296875,4851
2025-05-09,332.95001220703125,340.0,327.25,335.1499938964844,2797
2025-05-12,339.3500061035156,354.95001220703125,332.04998779296875,349.54998779296875,5711
2025-05-13,350.20001220703125,360.0,340.0,348.3500061035156,5887
2025-05-14,360.0,363.0,344.79998779296875,349.8500061035156,6151
2025-05-15,351.25,352.79998779296875,340.0,347.0,5471
2025-05-16,346.04998779296875,376.54998779296875,343.95001220703125,364.5,6743
2025-05-19,369.8999938964844,369.8999938964844,347.75,353.29998779296875,4892
2025-05-20,368.3999938964844,375.95001220703125,350.20001220703125,358.75,2495
2025-05-21,369.29998779296875,373.0,352.0,354.6499938964844,4248
2025-05-22,363.95001220703125,370.0,349.04998779296875,368.95001220703125,1037
2025-05-23,366.04998779296875,388.3500061035156,362.0,369.79998779296875,8749
2025-05-26,385.70001220703125,403.3999938964844,370.04998779296875,385.25,7443
2025-05-27,386.0,390.79998779296875,373.0,386.1000061035156,5597
2025-05-28,384.6000061035156,389.0,379.0,381.8500061035156,767
2025-05-29,379.04998779296875,379.04998779296875,363.0,364.6499938964844,3683
2025-05-30,382.79998779296875,382.8500061035156,347.0,350.04998779296875,9596
2025-06-02,352.3999938964844,361.1000061035156,343.04998779296875,347.3500061035156,6113
2025-06-03,353.8999938964844,362.3500061035156,335.0,342.3999938964844,6346
2025-06-04,340.0,353.0,325.25,331.20001220703125,7563
2025-06-05,344.8500061035156,346.70001220703125,324.0,342.0,5669
2025-06-06,348.5,352.20001220703125,331.6000061035156,350.0,10842
2025-06-09,350.0,354.95001220703125,331.0,337.20001220703125,10328
2025-06-10,348.79998779296875,348.79998779296875,334.79998779296875,339.04998779296875,6103
2025-06-11,338.20001220703125,344.95001220703125,328.04998779296875,335.0,2837
2025-06-12,328.1499938964844,344.79998779296875,325.1000061035156,333.3999938964844,8988
2025-06-13,332.29998779296875,341.8999938964844,323.0,332.79998779296875,10055
2025-06-16,336.8500061035156,336.8500061035156,322.3999938964844,331.20001220703125,6699
2025-06-17,330.0,341.29998779296875,328.75,335.8999938964844,6747
2025-06-18,337.04998779296875,337.75,314.04998779296875,318.8999938964844,14020
2025-06-19,325.04998779296875,382.6499938964844,319.5,349.54998779296875,180490
2025-06-20,346.0,394.0,346.0,374.3999938964844,174671
2025-06-23,382.0,390.0,366.25,375.95001220703125,18163
2025-06-24,377.0,381.95001220703125,364.1000061035156,372.3500061035156,12967
2025-06-25,377.1000061035156,390.0,361.1000061035156,369.1499938964844,20063
2025-06-26,374.70001220703125,388.0,365.04998779296875,376.70001220703125,12019
2025-06-27,375.04998779296875,385.8500061035156,370.6499938964844,380.3999938964844,9030
2025-06-30,386.1000061035156,392.20001220703125,381.0,384.54998779296875,14248
2025-07-01,388.0,418.79998779296875,387.5,395.04998779296875,75763
2025-07-02,398.1000061035156,412.8999938964844,388.54998779296875,409.04998779296875,15157
2025-07-03,409.45001220703125,411.45001220703125,392.6000061035156,405.95001220703125,18614
2025-07-04,400.1499938964844,409.5,388.0,390.8999938964844,11909
2025-07-07,383.0,403.0,382.5,401.5,15306
2025-07-08,404.70001220703125,405.0,382.0,383.6000061035156,28009
2025-07-09,380.29998779296875,392.6000061035156,371.04998779296875,388.45001220703125,10998
2025-07-10,392.8500061035156,402.0,386.1000061035156,399.25,11987
2025-07-11,401.5,413.0,394.25,401.29998779296875,7574
2025-07-14,398.0,407.75,391.1499938964844,397.5,14752
2025-07-15,400.0,402.95001220703125,385.54998779296875,389.25,8764
2025-07-16,390.0,390.0,378.70001220703125,385.20001220703125,9698
2025-07-17,390.0,392.0,381.29998779296875,386.70001220703125,8478
2025-07-18,390.5,395.75,367.3500061035156,384.75,20176
2025-07-21,389.95001220703125,391.95001220703125,382.1499938964844,389.0,4517
2025-07-22,395.04998779296875,404.8500061035156,390.0,392.3999938964844,6063
2025-07-23,394.8999938964844,396.75,387.5,387.70001220703125,2864
2025-07-24,396.6499938964844,396.6499938964844,375.04998779296875,377.6499938964844,6719
2025-07-25,390.0,391.95001220703125,358.0,360.6499938964844,13667
2025-07-28,367.04998779296875,373.95001220703125,361.3500061035156,368.45001220703125,5662
2025-07-29,374.6000061035156,374.6000061035156,350.6000061035156,358.70001220703125,8346
2025-07-30,364.54998779296875,367.0,355.25,357.3999938964844,4962
2025-07-31,359.04998779296875,404.0,350.0,369.8500061035156,53747
2025-08-01,373.0,373.0,361.04998779296875,363.25,4762
2025-08-04,357.04998779296875,374.75,357.04998779296875,369.75,9997
2025-08-05,380.0,405.0,371.29998779296875,389.75,20566
2025-08-06,399.8500061035156,399.8500061035156,378.6000061035156,381.04998779296875,7924
2025-08-07,376.0,393.5,375.0,382.20001220703125,7533
2025-08-08,388.54998779296875,389.5,372.1000061035156,377.79998779296875,11521
2025-08-11,380.0,388.0,376.6000061035156,378.1000061035156,855
2025-08-12,385.3999938964844,385.6499938964844,376.95001220703125,379.1000061035156,923
2025-08-13,364.95001220703125,376.75,364.95001220703125,371.1499938964844,2057
2025-08-14,369.95001220703125,382.04998779296875,363.0,370.20001220703125,5164
2025-08-18,371.3999938964844,402.1000061035156,370.6000061035156,380.6000061035156,4876
2025-08-19,378.25,382.0,363.0,379.45001220703125,3465
2025-08-20,384.1499938964844,392.8999938964844,371.8999938964844,389.3999938964844,6983
2025-08-21,399.79998779296875,399.79998779296875,381.45001220703125,384.45001220703125,2220
2025-08-22,375.1499938964844,414.1000061035156,373.5,394.3999938964844,11348
2025-08-25,394.75,400.0,381.0,383.25,6038
2025-08-26,393.04998779296875,397.5,374.04998779296875,382.70001220703125,5238
2025-08-28,389.04998779296875,397.95001220703125,377.95001220703125,389.25,22864
2025-08-29,385.0,393.0,380.5,381.5,4616
2025-09-01,389.0,403.8500061035156,384.79998779296875,396.25,5275
2025-09-02,405.3999938964844,407.3500061035156,395.5,397.6499938964844,6831
2025-09-03,399.70001220703125,403.75,388.0,393.75,6284
2025-09-04,397.3999938964844,404.20001220703125,390.8500061035156,397.04998779296875,5152
2025-09-05,388.0,403.0,388.0,397.70001220703125,5684
2025-09-08,387.8500061035156,397.5,381.0,390.54998779296875,3800
2025-09-09,390.95001220703125,400.0,385.95001220703125,394.1000061035156,6895
2025-09-10,383.45001220703125,401.70001220703125,379.95001220703125,385.95001220703125,5289
2025-09-11,383.0,418.79998779296875,382.8500061035156,387.5,25603
2025-09-12,388.75,396.04998779296875,385.1000061035156,388.54998779296875,4446
2025-09-15,390.95001220703125,400.0,387.04998779296875,388.1499938964844,2951
2025-09-16,393.20001220703125,394.6000061035156,376.95001220703125,383.0,12167
2025-09-17,384.5,392.45001220703125,375.0,377.8500061035156,14724
2025-09-18,382.3500061035156,382.3500061035156,370.0,370.79998779296875,5566
2025-09-19,375.0,381.8500061035156,370.0,372.75,2900
2025-09-22,375.8500061035156,384.0,370.20001220703125,370.70001220703125,2632
2025-09-23,375.04998779296875,375.1499938964844,369.95001220703125,370.54998779296875,873
2025-09-24,365.0,380.0,359.0,375.3500061035156,17763
2025-09-25,382.79998779296875,382.79998779296875,372.0,376.8500061035156,3786
2025-09-26,367.8500061035156,381.0,364.1499938964844,370.54998779296875,4105
2025-09-29,378.1000061035156,382.0,361.75,373.70001220703125,2730
2025-09-30,366.1499938964844,374.1000061035156,361.20001220703125,361.70001220703125,2463
2025-10-01,369.04998779296875,380.0,361.20001220703125,365.54998779296875,16377
2025-10-03,365.5,380.0,363.45001220703125,373.20001220703125,4076
2025-10-06,380.75,380.75,368.1499938964844,370.1000061035156,2514
2025-10-07,371.0,380.0,367.6499938964844,375.29998779296875,2095
2025-10-08,377.45001220703125,385.95001220703125,368.5,382.70001220703125,6886
2025-10-09,372.29998779296875,389.45001220703125,372.1000061035156,379.0,12924
2025-10-10,393.75,393.75,373.04998779296875,379.8500061035156,32030
2025-10-13,389.04998779296875,389.04998779296875,375.1000061035156,379.25,10191
2025-10-14,389.0,389.0,365.0,371.8500061035156,3904
2025-10-15,383.04998779296875,383.04998779296875,366.54998779296875,374.75,3822
2025-10-16,376.45001220703125,382.25,358.3500061035156,364.6000061035156,6768
2025-10-17,366.0,372.5,360.1499938964844,361.95001220703125,2692
2025-10-20,357.5,369.0,357.5,366.25,1982
2025-10-21,374.3500061035156,377.79998779296875,368.04998779296875,374.79998779296875,1911
2025-10-23,379.0,379.20001220703125,365.75,374.0,6829
2025-10-24,365.45001220703125,378.45001220703125,361.54998779296875,365.8500061035156,6497
2025-10-27,370.1000061035156,371.29998779296875,326.1000061035156,351.3999938964844,24893
2025-10-28,361.04998779296875,363.95001220703125,349.3500061035156,357.3999938964844,8657
2025-10-29,361.20001220703125,368.79998779296875,357.6499938964844,359.8500061035156,3657
2025-10-30,367.6000061035156,367.6000061035156,348.8999938964844,363.70001220703125,3286
2025-10-31,367.3999938964844,368.8999938964844,357.54998779296875,364.70001220703125,1258
2025-11-03,370.45001220703125,375.95001220703125,356.0,359.29998779296875,2387
2025-11-04,359.6000061035156,361.5,351.0,354.20001220703125,1619
2025-11-06,352.8999938964844,358.0,347.04998779296875,352.79998779296875,4500
2025-11-07,343.0,355.0,333.0,343.25,4218
2025-11-10,345.0,362.75,325.5,340.1000061035156,8589
2025-11-11,339.79998779296875,339.79998779296875,330.29998779296875,336.29998779296875,6644
2025-11-12,352.6499938964844,354.8500061035156,335.0,347.29998779296875,5808
2025-11-13,356.75,357.0,330.1000061035156,335.95001220703125,7648
2025-11-14,325.0,340.8999938964844,323.20001220703125,327.25,5718
2025-11-17,329.04998779296875,335.70001220703125,325.1000061035156,330.0,5034
2025-11-18,334.25,335.0,310.25,314.04998779296875,7674
2025-11-19,310.8999938964844,337.3999938964844,301.1000061035156,329.1499938964844,30222
2025-11-20,328.8999938964844,337.79998779296875,322.6000061035156,328.1499938964844,4950
2025-11-21,325.45001220703125,330.5,321.6499938964844,325.20001220703125,1456
2025-11-24,313.0,321.79998779296875,305.1499938964844,309.1499938964844,6316
2025-11-25,301.0,335.0,301.0,330.3999938964844,9791
2025-11-26,339.5,358.25,330.0,354.04998779296875,17202
2025-11-27,337.95001220703125,351.70001220703125,337.95001220703125,348.5,5254
2025-11-28,337.95001220703125,353.20001220703125,337.95001220703125,346.8999938964844,8146
2025-12-01,343.79998779296875,360.04998779296875,342.5,352.0,8995
2025-12-02,335.04998779296875,350.3500061035156,326.25,330.1499938964844,12296
2025-12-03,335.1000061035156,336.29998779296875,322.20001220703125,325.79998779296875,5634
2025-12-04,315.0,329.3999938964844,315.0,320.25,5942
2025-12-05,326.04998779296875,330.6000061035156,306.70001220703125,313.6499938964844,7265
2025-12-08,313.6499938964844,318.29998779296875,306.1499938964844,311.45001220703125,3997
2025-12-09,317.3999938964844,337.20001220703125,310.1000061035156,317.45001220703125,10988
2025-12-10,316.95001220703125,322.0,303.29998779296875,309.95001220703125,4937
2025-12-11,314.8999938964844,324.0,305.95001220703125,323.3500061035156,3473
2025-12-12,318.95001220703125,325.6000061035156,318.95001220703125,323.6499938964844,2531
2025-12-15,306.20001220703125,335.0,306.20001220703125,327.3999938964844,5124
2025-12-16,315.95001220703125,340.0,313.95001220703125,327.6499938964844,2702
2025-12-17,327.95001220703125,332.75,314.3500061035156,317.29998779296875,3474
2025-12-18,324.0,330.0,316.95001220703125,323.6000061035156,4375
2025-12-19,314.0,334.0,314.0,329.8500061035156,2089
2025-12-22,334.1499938964844,336.25,325.54998779296875,331.29998779296875,3363
2025-12-23,318.0,332.3500061035156,316.95001220703125,330.20001220703125,1975
2025-12-24,324.95001220703125,329.5,309.5,326.1000061035156,1606
2025-12-26,319.8500061035156,325.0,310.20001220703125,315.95001220703125,4346
2025-12-29,325.04998779296875,329.04998779296875,310.0,315.5,6003
2025-12-30,309.95001220703125,316.0,306.0,313.70001220703125,2759
2025-12-31,313.3500061035156,318.20001220703125,312.0,317.3500061035156,3941
2026-01-01,319.3500061035156,328.0,309.0,314.04998779296875,7011
2026-01-02,315.29998779296875,320.0,308.79998779296875,312.45001220703125,4611
2026-01-05,313.04998779296875,326.5,307.0,325.6499938964844,6564
2026-01-06,314.45001220703125,324.1499938964844,310.1000061035156,322.8999938964844,8657
2026-01-07,315.45001220703125,338.0,315.20001220703125,332.54998779296875,6384
2026-01-08,334.20001220703125,334.20001220703125,310.04998779296875,314.1000061035156,3359
2026-01-09,324.8500061035156,324.8500061035156,303.20001220703125,310.3500061035156,1433
2026-01-12,320.0,320.0,300.0,305.1499938964844,1019
2026-01-13,308.95001220703125,312.95001220703125,294.8999938964844,296.79998779296875,1748
2026-01-14,296.79998779296875,317.95001220703125,290.0,314.3999938964844,18054
2026-01-16,320.0,320.0,307.3500061035156,312.79998779296875,4101
2026-01-19,312.8500061035156,312.8500061035156,303.0,306.8500061035156,3885
2026-01-20,313.5,313.5,294.0,297.95001220703125,8546
2026-01-21,300.5,300.79998779296875,288.8999938964844,289.04998779296875,2933
2026-01-22,295.1000061035156,304.95001220703125,288.8999938964844,301.70001220703125,4817
2026-01-23,294.0,303.25,287.5,293.54998779296875,7109
2026-01-27,281.0,301.70001220703125,281.0,288.6499938964844,1869
2026-01-28,291.0,298.95001220703125,286.8500061035156,290.45001220703125,2501
2026-01-29,294.54998779296875,296.8999938964844,277.5,279.6499938964844,1619
2026-01-30,291.5,292.04998779296875,275.0,279.04998779296875,1787
2026-02-02,276.0,285.04998779296875,268.8500061035156,278.6499938964844,2850
2026-02-03,294.04998779296875,295.8999938964844,279.8999938964844,285.0,13548
2026-02-04,295.0,303.5,287.5,301.20001220703125,2945
2026-02-05,307.25,307.25,285.3999938964844,293.45001220703125,512
2026-02-06,304.79998779296875,304.79998779296875,286.0,287.8999938964844,1241
2026-02-09,289.3500061035156,304.8999938964844,281.0,294.8500061035156,9154
2026-02-10,314.0,314.0,290.0,306.25,3226
2026-02-11,314.6499938964844,314.6499938964844,296.29998779296875,308.5,1532
2026-02-12,304.0,306.70001220703125,293.1499938964844,294.70001220703125,693
2026-02-13,298.8500061035156,316.1000061035156,290.29998779296875,310.3999938964844,5512
2026-02-16,311.04998779296875,314.75,290.0,307.1499938964844,3029
2026-02-17,312.04998779296875,312.04998779296875,296.5,298.1499938964844,3745
2026-02-18,288.95001220703125,312.5,288.95001220703125,308.3999938964844,2716
2026-02-19,314.6000061035156,314.6000061035156,301.0,301.0,593
2026-02-20,301.04998779296875,306.04998779296875,295.0,305.3500061035156,1054
2026-02-23,304.75,304.75,297.0,297.0,3
2026-02-24,290.0,301.8999938964844,274.95001220703125,284.75,1465
2026-02-25,283.8500061035156,289.8999938964844,281.0,281.04998779296875,1948
2026-02-26,290.0,290.0,279.0,285.3500061035156,524
2026-02-27,284.95001220703125,291.95001220703125,281.0,288.1499938964844,561
2026-03-02,272.0,284.29998779296875,260.1499938964844,274.8500061035156,4922
2026-03-04,280.8999938964844,284.0,266.70001220703125,270.0,7900
2026-03-05,275.95001220703125,281.6000061035156,267.5,273.20001220703125,6762
2026-03-06,273.25,276.8999938964844,265.25,268.04998779296875,595
2026-03-09,266.70001220703125,270.0,250.0,254.89999389648438,1846
2026-03-10,257.1000061035156,265.0,252.0,253.35000610351562,2081
2026-03-11,256.1499938964844,266.8500061035156,255.0500030517578,261.45001220703125,409
2026-03-12,262.04998779296875,269.8999938964844,254.25,259.3999938964844,7025
2026-03-13,267.1000061035156,280.0,254.0,256.25,3970
2026-03-16,261.45001220703125,268.1499938964844,248.0,256.3500061035156,2640
2026-03-17,252.0500030517578,256.04998779296875,252.0500030517578,256.0,1091
2026-03-18,266.79998779296875,268.95001220703125,256.0,263.0,533
2026-03-19,256.20001220703125,262.0,252.5,253.5,3719
2026-03-20,269.54998779296875,269.54998779296875,253.0500030517578,265.75,226
2026-03-23,255.0,261.75,250.39999389648438,256.54998779296875,2680
2026-03-24,256.04998779296875,261.0,245.0,256.8999938964844,2818
2026-03-25,260.0,264.25,245.10000610351562,249.35000610351562,3643
2026-03-27,255.0500030517578,255.0500030517578,227.0500030517578,235.64999389648438,8362
2026-03-30,249.0,249.0,215.0,218.64999389648438,1330
2026-04-01,238.39999389648438,245.0,216.60000610351562,229.33999633789062,4319
2026-04-02,222.00999450683594,263.95001220703125,220.0,252.33999633789062,5207
2026-04-06,259.510009765625,284.95001220703125,247.49000549316406,282.6000061035156,5540
2026-04-07,278.989990234375,293.8900146484375,272.6000061035156,288.7799987792969,3028
2026-04-08,297.3999938964844,310.0,286.0,305.010009765625,3413
2026-04-09,304.0,319.8900146484375,292.1300048828125,302.95001220703125,5209
2026-04-10,300.989990234375,320.0,300.989990234375,315.0899963378906,2092
2026-04-13,313.5,313.5,295.25,311.70001220703125,1260
2026-04-15,329.9800109863281,329.9800109863281,303.25,309.75,2219
2026-04-16,317.7099914550781,317.7099914550781,291.3500061035156,302.510009765625,8864
2026-04-17,302.5,305.0,302.5,303.510009765625,568
2026-04-20,300.25,303.0,296.1000061035156,302.1400146484375,3992
2026-04-21,303.0,316.8800048828125,287.1499938964844,305.0,5776
2026-04-22,305.0,320.25,289.75,320.25,40199
2026-04-23,329.79998779296875,332.70001220703125,325.0,329.54998779296875,14695
2026-04-24,330.1000061035156,342.95001220703125,325.0,334.9700012207031,9426
2026-04-27,336.1000061035156,351.7099914550781,336.1000061035156,351.7099914550781,5540
2026-04-28,361.0,369.2900085449219,360.0,369.2900085449219,6484
2026-04-29,387.75,387.75,380.0,387.7200012207031,27820
2026-04-30,403.0,406.3999938964844,375.0,405.3800048828125,22415
2026-05-04,408.0,410.0,390.1000061035156,402.25,28635
2026-05-05,405.0,408.0,395.04998779296875,405.29998779296875,3983
2026-05-06,406.1000061035156,410.0,396.25,405.8999938964844,18213
2026-05-07,405.75,410.0,395.0,408.45001220703125,72013
2026-05-08,414.0,428.8500061035156,409.1000061035156,426.20001220703125,75938
2026-05-11,435.0,447.5,435.0,447.1499938964844,28735
2026-05-12,450.0,469.5,430.0,437.04998779296875,15862
2026-05-13,437.0,450.20001220703125,437.0,439.0,3946
2026-05-14,448.8500061035156,449.0,425.25,429.0,2284
2026-05-15,429.0,444.95001220703125,408.20001220703125,413.6000061035156,4045
2026-05-18,425.0,425.0,392.95001220703125,405.25,104053
2026-05-19,395.04998779296875,424.70001220703125,395.04998779296875,413.79998779296875,2909
2026-05-20,413.0,419.95001220703125,397.54998779296875,404.8500061035156,1024
2026-05-21,411.0,411.0,400.04998779296875,402.04998779296875,918
2026-05-22,402.04998779296875,420.0,402.04998779296875,410.6000061035156,4384
2026-05-25,416.0,420.0,411.29998779296875,413.20001220703125,4978
2026-05-26,409.0,431.0,409.0,430.3500061035156,7695
2026-05-27,448.0,449.0,430.0,437.45001220703125,3876
2026-05-28,437.45001220703125,437.45001220703125,437.45001220703125,437.45001220703125,0
2026-05-29,459.0,459.29998779296875,459.0,459.29998779296875,12999
2026-06-01,482.25,482.25,460.0,481.25,20997
2026-06-02,481.25,489.8999938964844,460.29998779296875,463.0,4574
2026-06-03,456.0,463.54998779296875,455.0,456.0,1835
2026-06-04,446.8999938964844,446.8999938964844,446.8999938964844,446.8999938964844,1066
2026-06-05,450.0,452.0,439.1000061035156,450.0,2609
2026-06-08,441.0,441.0,441.0,441.0,2424
2026-06-09,432.20001220703125,432.20001220703125,432.20001220703125,432.20001220703125,275
2026-06-10,425.1000061035156,425.1000061035156,425.1000061035156,425.1000061035156,1100
2026-06-11,417.95001220703125,423.0,417.95001220703125,417.95001220703125,101
2026-06-12,409.6000061035156,410.0,409.6000061035156,409.6000061035156,4399
2026-06-15,401.45001220703125,409.6000061035156,401.45001220703125,401.45001220703125,10219
2026-06-16,402.3999938964844,402.3999938964844,401.0,402.3999938964844,744
2026-06-17,410.3999938964844,410.3999938964844,410.3999938964844,410.3999938964844,3173
2026-06-18,416.5,418.54998779296875,416.5,416.5,184
2026-06-19,424.79998779296875,424.79998779296875,422.70001220703125,424.79998779296875,2367
2026-06-22,433.25,433.25,433.25,433.25,1074
2026-06-23,441.8999938964844,441.8999938964844,441.8500061035156,441.8999938964844,2962
2026-06-24,445.0,445.0,433.1000061035156,445.0,893
2026-06-25,440.0,445.0,440.0,440.0,866
2026-06-26,440.0,440.0,440.0,440.0,0
2026-06-29,435.95001220703125,440.0,435.95001220703125,435.95001220703125,148
2026-06-30,444.6499938964844,444.6499938964844,435.95001220703125,444.6499938964844,1035
2026-07-01,445.0,449.5,435.79998779296875,445.0,628
2026-07-02,442.8999938964844,445.0,437.0,442.8999938964844,63
2026-07-03,435.0,442.79998779296875,435.0,435.0,59
2026-07-06,435.0,441.0,435.0,435.0,289
2026-07-07,435.0,443.6499938964844,435.0,435.0,353
2026-07-08,426.29998779296875,426.29998779296875,426.29998779296875,426.29998779296875,407
2026-07-09,434.79998779296875,434.79998779296875,432.0,434.79998779296875,200
2026-07-10,434.0,434.0,434.0,434.0,1
2026-07-13,438.3500061035156,438.3500061035156,412.29998779296875,414.6499938964844,4246
2026-07-14,403.0,430.0,403.0,425.0,414
2026-07-15,432.0,432.0,412.0,412.0,1144
2026-07-16,431.8999938964844,432.0,412.0,412.0,1260
2026-07-17,413.04998779296875,424.0,413.04998779296875,423.8500061035156,240
2026-07-20,413.1000061035156,415.3999938964844,403.0,414.0,3238
2026-07-21,401.0,428.0,401.0,427.95001220703125,2962
2026-07-22,425.0,425.0,412.0,414.1499938964844,1658
2026-07-23,414.1499938964844,419.8999938964844,414.1499938964844,415.04998779296875,1039
2026-07-24,415.1499938964844,418.79998779296875,415.1499938964844,418.79998779296875,2430
2026-07-27,412.1000061035156,415.0,412.1000061035156,415.0,1257
2026-07-28,411.79998779296875,413.6000061035156,411.79998779296875,413.6000061035156,1367
2026-07-29,411.0,411.0,411.0,411.0,229
2026-07-30,411.0,429.95001220703125,411.0,413.0,630
2026-07-31,415.1000061035156,426.3999938964844,405.8999938964844,417.04998779296875,21204
